doc_type	doc_id	num	date_str	description	url_metadata	lang	newspaper_id	time_ut
lk_news	2026-10-01-dailymirrorlk-c29ff45a	dailymirrorlk-c29ff45a	2026-10-01	SpaceX launches 13th long-duration astronaut crew to International Space Station	https://www.dailymirror.lk/international/SpaceX-launches-13th-long-duration-astronaut-crew-to-International-Space-Station/107-351566	en	dailymirrorlk	1790870064.0
lk_news	2026-10-01-dailymirrorlk-a7f6bb1b	dailymirrorlk-a7f6bb1b	2026-10-01	Brother of underworld figure ‘Loku Patty’ shot dead in Ahungalla	https://www.dailymirror.lk/breaking-news/Brother-of-underworld-figure-Loku-Patty-shot-dead-in-Ahungalla/108-351565	en	dailymirrorlk	1790869370.0
lk_news	2026-10-01-dailymirrorlk-e3bfb4d7	dailymirrorlk-e3bfb4d7	2026-10-01	17,506 drug-related Government Analyst reports issued in two months	https://www.dailymirror.lk/breaking-news/17-506-drug-related-Government-Analyst-reports-issued-in-two-months/108-351564	en	dailymirrorlk	1790868199.0
lk_news	2026-10-01-dailymirrorlk-5e67912a	dailymirrorlk-5e67912a	2026-10-01	Kavinda calls for stronger, more transparent political parties	https://www.dailymirror.lk/breaking-news/Kavinda-calls-for-stronger-more-transparent-political-parties/108-351563	en	dailymirrorlk	1790867708.0
lk_news	2026-10-01-dailymirrorlk-20129ee6	dailymirrorlk-20129ee6	2026-10-01	Free Caregiver NVQ Level 03 course begins with 30 trainees	https://www.dailymirror.lk/breaking-news/Free-Caregiver-NVQ-Level-03-course-begins-with-30-trainees/108-351562	en	dailymirrorlk	1790860342.0
lk_news	2026-10-01-dailymirrorlk-7f226550	dailymirrorlk-7f226550	2026-10-01	CSE rebounds as buying interest improves	https://www.dailymirror.lk/breaking-news/CSE-rebounds-as-buying-interest-improves/108-351561	en	dailymirrorlk	1790859350.0
lk_news	2026-10-01-dailymirrorlk-09e2c10b	dailymirrorlk-09e2c10b	2026-10-01	100% government funding for vaccines from next year	https://www.dailymirror.lk/breaking-news/100-government-funding-for-vaccines-from-next-year/108-351560	en	dailymirrorlk	1790857819.0
lk_news	2026-10-01-dailymirrorlk-bd241edd	dailymirrorlk-bd241edd	2026-10-01	PM urges stronger safeguards for children	https://www.dailymirror.lk/breaking-news/PM-urges-stronger-safeguards-for-children/108-351559	en	dailymirrorlk	1790857449.0
lk_news	2026-10-01-dailymirrorlk-95cda288	dailymirrorlk-95cda288	2026-10-01	63 endemic snakes in spotlight at global congress	https://www.dailymirror.lk/breaking-news/63-endemic-snakes-in-spotlight-at-global-congress/108-351558	en	dailymirrorlk	1790856165.0
lk_news	2026-10-01-dailymirrorlk-9dca8b85	dailymirrorlk-9dca8b85	2026-10-01	Six-year labour pact promises better jobs and worker protection - but can Sri Lanka deliver?	https://www.dailymirror.lk/breaking-news/Six-year-labour-pact-promises-better-jobs-and-worker-protection-but-can-Sri-Lanka-deliver/108-351557	en	dailymirrorlk	1790854366.0
lk_news	2026-10-01-dailymirrorlk-747b818d	dailymirrorlk-747b818d	2026-10-01	Wijeya Newspapers’ Moiz Mustafa Wins AI Content Creators of the Year - Gold at National AI Awards 2026	https://www.dailymirror.lk/breaking-news/Wijeya-Newspapers-Moiz-Mustafa-Wins-AI-Content-Creators-of-the-Year-Gold-at-National-AI-Awards-2026/108-351556	en	dailymirrorlk	1790854233.0
lk_news	2026-10-01-dailymirrorlk-5efcf8b8	dailymirrorlk-5efcf8b8	2026-10-01	Rice export container found packed with metal scrap	https://www.dailymirror.lk/breaking-news/Rice-export-container-found-packed-with-metal-scrap/108-351555	en	dailymirrorlk	1790852174.0
lk_news	2026-10-01-dailymirrorlk-0ed88878	dailymirrorlk-0ed88878	2026-10-01	India approves $19 billion for renewable energy programme	https://www.dailymirror.lk/international/India-approves-19-billion-for-renewable-energy-programme/107-351554	en	dailymirrorlk	1790852062.0
lk_news	2026-10-01-dailymirrorlk-941cef6a	dailymirrorlk-941cef6a	2026-10-01	Police Commission cancels transfers of senior officers including Ranmal Kodituwakku	https://www.dailymirror.lk/breaking-news/Police-Commission-cancels-transfers-of-senior-officers-including-Ranmal-Kodituwakku/108-351553	en	dailymirrorlk	1790851090.0
lk_news	2026-10-01-dailymirrorlk-1c41c1a1	dailymirrorlk-1c41c1a1	2026-10-01	Army Chief greets child with special needs	https://www.dailymirror.lk/caption-story/Army-Chief-greets-child-with-special-needs/110-351552	en	dailymirrorlk	1790848573.0
lk_news	2026-10-01-dailymirrorlk-2f300300	dailymirrorlk-2f300300	2026-10-01	LRH celebrates World Children’s Day	https://www.dailymirror.lk/caption-story/LRH-celebrates-World-Childrens-Day/110-351551	en	dailymirrorlk	1790848257.0
lk_news	2026-10-01-dailymirrorlk-611e9c8f	dailymirrorlk-611e9c8f	2026-10-01	US death row inmate survives execution attempt after two lethal injections	https://www.dailymirror.lk/international/US-death-row-inmate-survives-execution-attempt-after-two-lethal-injections/107-351549	en	dailymirrorlk	1790847505.0
lk_news	2026-10-01-dailymirrorlk-b1e604d4	dailymirrorlk-b1e604d4	2026-10-01	India will always support Sri Lanka’s progress, prosperity: Jaishankar tells Tilvin	https://www.dailymirror.lk/international/India-will-always-support-Sri-Lankas-progress-prosperity-Jaishankar-tells-Tilvin/107-351548	en	dailymirrorlk	1790847283.0
lk_news	2026-10-01-dailymirrorlk-9334aa30	dailymirrorlk-9334aa30	2026-10-01	Court of Appeal dismisses Gotabaya Rajapaksa’s writ petition	https://www.dailymirror.lk/breaking-news/Court-of-Appeal-dismisses-Gotabaya-Rajapaksas-writ-petition/108-351547	en	dailymirrorlk	1790847016.0
lk_news	2026-10-01-dailymirrorlk-664d8a76	dailymirrorlk-664d8a76	2026-10-01	Bambalapitiya restaurant fined Rs. 1 million for overcharging on bottled water	https://www.dailymirror.lk/breaking-news/Bambalapitiya-restaurant-fined-Rs-1-million-for-overcharging-on-bottled-water/108-351546	en	dailymirrorlk	1790846907.0
lk_news	2026-10-01-dailymirrorlk-656755d1	dailymirrorlk-656755d1	2026-10-01	Walkie-talkies banned in Kumana National Park from today	https://www.dailymirror.lk/breaking-news/Walkie-talkies-banned-in-Kumana-National-Park-from-today/108-351545	en	dailymirrorlk	1790845991.0
lk_news	2026-10-01-dailymirrorlk-7290f0a6	dailymirrorlk-7290f0a6	2026-10-01	Sri Lanka’s 45 all out sends India into gold medal match	https://www.dailymirror.lk/breaking-news/Sri-Lankas-45-all-out-sends-India-into-gold-medal-match/108-351544	en	dailymirrorlk	1790845897.0
lk_news	2026-10-01-dailymirrorlk-1b1f6401	dailymirrorlk-1b1f6401	2026-10-01	Jaffna recycling hub launched	https://www.dailymirror.lk/caption-story/Jaffna-recycling-hub-launched/110-351543	en	dailymirrorlk	1790845818.0
lk_news	2026-10-01-dailymirrorlk-584d4606	dailymirrorlk-584d4606	2026-10-01	Sri Lanka Air Force promotes world record holder Dulith Dassanayake	https://www.dailymirror.lk/breaking-news/Sri-Lanka-Air-Force-promotes-world-record-holder-Dulith-Dassanayake/108-351542	en	dailymirrorlk	1790845386.0
lk_news	2026-10-01-dailymirrorlk-5de1515c	dailymirrorlk-5de1515c	2026-10-01	TV cameraman arrested over alleged assault on Ranil’s security officer	https://www.dailymirror.lk/breaking-news/TV-cameraman-arrested-over-alleged-assault-on-Ranils-security-officer/108-351541	en	dailymirrorlk	1790843161.0
lk_news	2026-10-01-dailymirrorlk-9d86dd65	dailymirrorlk-9d86dd65	2026-10-01	Plans to develop Anuradhapura city with Indian funds of Rs. 7.7 Billion	https://www.dailymirror.lk/breaking-news/Plans-to-develop-Anuradhapura-city-with-Indian-funds-of-Rs-7-7-Billion/108-351540	en	dailymirrorlk	1790839566.0
lk_news	2026-10-01-dailymirrorlk-7355d976	dailymirrorlk-7355d976	2026-10-01	Price regulation of 13 costly medicines saves Govt. Rs. 5.7 bn	https://www.dailymirror.lk/breaking-news/Price-regulation-of-13-costly-medicines-saves-Govt-Rs-5-7-bn/108-351539	en	dailymirrorlk	1790839248.0
lk_news	2026-10-01-dailymirrorlk-d02fd6e8	dailymirrorlk-d02fd6e8	2026-10-01	Africa’s industrial future takes shape in Kenya with US$16 Billion oil refinery investment	https://www.dailymirror.lk/breaking-news/Africas-industrial-future-takes-shape-in-Kenya-with-US-16-Billion-oil-refinery-investment/108-351538	en	dailymirrorlk	1790838585.0
lk_news	2026-10-01-dailymirrorlk-4b3a0638	dailymirrorlk-4b3a0638	2026-10-01	Lightning advisory issued for several areas	https://www.dailymirror.lk/breaking-news/Lightning-advisory-issued-for-several-areas/108-351537	en	dailymirrorlk	1790838273.0
lk_news	2026-10-01-dailymirrorlk-c0f6d9c7	dailymirrorlk-c0f6d9c7	2026-10-01	Pakistan says 22 fighters killed in air attacks on Afghanistan	https://www.dailymirror.lk/international/Pakistan-says-22-fighters-killed-in-air-attacks-on-Afghanistan/107-351535	en	dailymirrorlk	1790837602.0
lk_news	2026-10-01-dailymirrorlk-1453e7d1	dailymirrorlk-1453e7d1	2026-10-01	Fuel companies to get Rs. 70 per litre diesel subsidy	https://www.dailymirror.lk/breaking-news/Fuel-companies-to-get-Rs-70-per-litre-diesel-subsidy/108-351533	en	dailymirrorlk	1790834992.0
lk_news	2026-10-01-dailymirrorlk-24172104	dailymirrorlk-24172104	2026-10-01	More than half of Sri Lanka’s older persons have chronic diseases	https://www.dailymirror.lk/breaking-news/More-than-half-of-Sri-Lankas-older-persons-have-chronic-diseases/108-351532	en	dailymirrorlk	1790834662.0
lk_news	2026-10-01-dailymirrorlk-4d370281	dailymirrorlk-4d370281	2026-10-01	Cultivation investment firms used public funds for other businesses: CBSL Governor	https://www.dailymirror.lk/breaking-news/Cultivation-investment-firms-used-public-funds-for-other-businesses-CBSL-Governor/108-351529	en	dailymirrorlk	1790834399.0
lk_news	2026-10-01-dailymirrorlk-c5c100a7	dailymirrorlk-c5c100a7	2026-10-01	Open warrant issued for Gnanasara Thera	https://www.dailymirror.lk/breaking-news/Open-warrant-issued-for-Gnanasara-Thera/108-351521	en	dailymirrorlk	1790833191.0
lk_news	2026-10-01-dailymirrorlk-b26d8241	dailymirrorlk-b26d8241	2026-10-01	Court of Appeal prevents police from arresting Tiran Alles and others	https://www.dailymirror.lk/breaking-news/Court-of-Appeal-prevents-police-from-arresting-Tiran-Alles-and-others/108-351519	en	dailymirrorlk	1790833001.0
lk_news	2026-10-01-dailymirrorlk-33006f96	dailymirrorlk-33006f96	2026-10-01	CPC makes profit on petrol but loses on diesel and kerosene	https://www.dailymirror.lk/breaking-news/CPC-makes-profit-on-petrol-but-loses-on-diesel-and-kerosene/108-351517	en	dailymirrorlk	1790832713.0
lk_news	2026-10-01-dailymirrorlk-01a4e237	dailymirrorlk-01a4e237	2026-10-01	SLFUW Celebrates  85th Anniversary	https://www.dailymirror.lk/opinion/SLFUW-Celebrates-85th-Anniversary/172-351515	en	dailymirrorlk	1790832673.0
lk_news	2026-10-01-dailymirrorlk-36c88a2d	dailymirrorlk-36c88a2d	2026-10-01	Children’s rights: My day, my rights, my future	https://www.dailymirror.lk/opinion/Childrens-rights-My-day-my-rights-my-future/172-351514	en	dailymirrorlk	1790832588.0
lk_news	2026-10-01-adalk-a6223cb5	adalk-a6223cb5	2026-10-01	ගෘහස්ථ ප්‍රචණ්ඩයට එරෙහි නිති තවත් ශක්තිමත් කිරිමට අවධානය	https://www.ada.lk/breaking_news/ගෘහස්ථ-ප්‍රචණ්ඩයට-එරෙහි-නිති-තවත්-ශක්තිමත්-කිරිමට-අවධානය/11-424461	si	adalk	1790832473.0
lk_news	2026-10-01-dailymirrorlk-864bef08	dailymirrorlk-864bef08	2026-10-01	Rumesh Tharanga returns with gold—and a message	https://www.dailymirror.lk/breaking-news/Rumesh-Tharanga-returns-with-goldand-a-message/108-351512	en	dailymirrorlk	1790832468.0
lk_news	2026-10-01-dailymirrorlk-594587a0	dailymirrorlk-594587a0	2026-10-01	Will any leader undo the 22A in future?	https://www.dailymirror.lk/opinion/Will-any-leader-undo-the-22A-in-future/172-351511	en	dailymirrorlk	1790832351.0
lk_news	2026-10-01-dailymirrorlk-b662c8f7	dailymirrorlk-b662c8f7	2026-10-01	Please Maintain Our Street Lights	https://www.dailymirror.lk/opinion/Please-Maintain-Our-Street-Lights/172-351510	en	dailymirrorlk	1790832223.0
lk_news	2026-10-01-adalk-457dfcd8	adalk-457dfcd8	2026-10-01	දියුණු ලොවක ලක්ෂණය ළමා ලොවේ පිරිහීමද?	https://www.ada.lk/opinion/දියුණු-ලොවක-ලක්ෂණය-ළමා-ලොවේ-පිරිහීමද-/2-424459	si	adalk	1790832178.0
lk_news	2026-10-01-dailymirrorlk-d90d3d33	dailymirrorlk-d90d3d33	2026-10-01	Quest for accountability should no longer lead to dead-ends	https://www.dailymirror.lk/opinion/Quest-for-accountability-should-no-longer-lead-to-dead-ends/172-351508	en	dailymirrorlk	1790832135.0
lk_news	2026-10-01-adalk-f59981ea	adalk-f59981ea	2026-10-01	ජපානයේ ස්ථිර පදිංචිය අපේක්ෂා කරන විදේශිකයන්ගේ ගාස්තුව සියයට 20කින් ඉහළට	https://www.ada.lk/breaking_news/ජපානයේ-ස්ථිර-පදිංචිය-අපේක්ෂා-කරන-විදේශිකයන්ගේ-ගාස්තුව-සියයට-20කින්-ඉහළට/11-424458	si	adalk	1790831759.0
lk_news	2026-10-01-dailymirrorlk-7a904d19	dailymirrorlk-7a904d19	2026-10-01	Inflation relief months away: CBSL	https://www.dailymirror.lk/business-main/Inflation-relief-months-away-CBSL/245-351506	en	dailymirrorlk	1790831483.0
lk_news	2026-10-01-adalk-fa17d006	adalk-fa17d006	2026-10-01	ෆලයි ඩුබායි ගුවන් යානා සිදුවීමට ඉරානය සම්බන්ධදැයි කීමට තවමත් කල් වැඩියි	https://www.ada.lk/breaking_news/ෆලයි-ඩුබායි-ගුවන්-යානා-සිදුවීමට-ඉරානය-සම්බන්ධදැයි-කීමට-තවමත්-කල්-වැඩියි/11-424457	si	adalk	1790831474.0
lk_news	2026-10-01-dailymirrorlk-a1736cb2	dailymirrorlk-a1736cb2	2026-10-01	September arrivals edge back into growth as Japan, Australia gain ground	https://www.dailymirror.lk/business-news/September-arrivals-edge-back-into-growth-as-Japan-Australia-gain-ground/273-351505	en	dailymirrorlk	1790831242.0
lk_news	2026-10-01-dailymirrorlk-e8430cff	dailymirrorlk-e8430cff	2026-10-01	U.S. issues damning report on investment climate in Sri Lanka	https://www.dailymirror.lk/breaking-news/U-S-issues-damning-report-on-investment-climate-in-Sri-Lanka/108-351504	en	dailymirrorlk	1790831207.0
lk_news	2026-10-01-dailymirrorlk-ea7c6bc0	dailymirrorlk-ea7c6bc0	2026-10-01	Akram Cassim re-elected as SLGJA President for 3rd term	https://www.dailymirror.lk/business-news/Akram-Cassim-re-elected-as-SLGJA-President-for-3rd-term/273-351503	en	dailymirrorlk	1790831104.0
lk_news	2026-10-01-dailymirrorlk-e3d18a96	dailymirrorlk-e3d18a96	2026-10-01	Liquidator files preliminary report on Daya Group’s Bimputh; seeks directors’ statements of affairs	https://www.dailymirror.lk/business-news/Liquidator-files-preliminary-report-on-Daya-Groups-Bimputh-seeks-directors-statements-of-affairs/273-351502	en	dailymirrorlk	1790830917.0
lk_news	2026-10-01-dailymirrorlk-91a73c93	dailymirrorlk-91a73c93	2026-10-01	CDS account openings retreat to 12-month low as market momentum fades	https://www.dailymirror.lk/business-news/CDS-account-openings-retreat-to-12-month-low-as-market-momentum-fades/273-351501	en	dailymirrorlk	1790830866.0
lk_news	2026-10-01-dailymirrorlk-2831aeed	dailymirrorlk-2831aeed	2026-10-01	Indices close in red	https://www.dailymirror.lk/business-news/Indices-close-in-red/273-351500	en	dailymirrorlk	1790830841.0
lk_news	2026-10-01-dailymirrorlk-89a893ec	dailymirrorlk-89a893ec	2026-10-01	CBSL holds OPR unchanged at 8.75%	https://www.dailymirror.lk/business-news/CBSL-holds-OPR-unchanged-at-8-75/273-351499	en	dailymirrorlk	1790830750.0
lk_news	2026-10-01-adalk-372d7c60	adalk-372d7c60	2026-10-01	මස්කෙළිය ගලි ට්‍රැක්ටරයේ රියදුරු හා සහායක අත්අඩංගුවට	https://www.ada.lk/breaking_news/මස්කෙළිය-ගලි-ට්‍රැක්ටරයේ-රියදුරු-හා-සහායක-අත්අඩංගුවට/11-424456	si	adalk	1790830700.0
lk_news	2026-10-01-dailymirrorlk-0956aeea	dailymirrorlk-0956aeea	2026-10-01	BOC marks World Children’s Day with focus on preparing young Sri Lankans for future	https://www.dailymirror.lk/business-news/BOC-marks-World-Childrens-Day-with-focus-on-preparing-young-Sri-Lankans-for-future/273-351498	en	dailymirrorlk	1790830619.0
lk_news	2026-10-01-dailymirrorlk-3359539a	dailymirrorlk-3359539a	2026-10-01	Laugfs Holdings appoints Dhanusha Muthukumarana as Group MD and Group CEO	https://www.dailymirror.lk/business-news/Laugfs-Holdings-appoints-Dhanusha-Muthukumarana-as-Group-MD-and-Group-CEO/273-351497	en	dailymirrorlk	1790830542.0
lk_news	2026-10-01-dailymirrorlk-77097bc6	dailymirrorlk-77097bc6	2026-10-01	Markss-George Steuart Health expand access to healthcare solutions across Sri Lanka	https://www.dailymirror.lk/business-news/Markss-George-Steuart-Health-expand-access-to-healthcare-solutions-across-Sri-Lanka/273-351496	en	dailymirrorlk	1790830428.0
lk_news	2026-10-01-dailymirrorlk-b7400854	dailymirrorlk-b7400854	2026-10-01	Seylan Cards offers 36-month 0% easy payment plan, special discounts	https://www.dailymirror.lk/business-news/Seylan-Cards-offers-36-month-0-easy-payment-plan-special-discounts/273-351495	en	dailymirrorlk	1790830316.0
lk_news	2026-10-01-dailymirrorlk-5fea8dbd	dailymirrorlk-5fea8dbd	2026-10-01	Auto Direct introduces Sri Lanka’s 1st Nissan Tekton	https://www.dailymirror.lk/business-news/Auto-Direct-introduces-Sri-Lankas-1st-Nissan-Tekton/273-351494	en	dailymirrorlk	1790830210.0
lk_news	2026-10-01-dailymirrorlk-f4e85a43	dailymirrorlk-f4e85a43	2026-10-01	Softlogic Life pioneers AI-powered corporate reporting	https://www.dailymirror.lk/business-news/Softlogic-Life-pioneers-AI-powered-corporate-reporting/273-351493	en	dailymirrorlk	1790830032.0
lk_news	2026-10-01-dailymirrorlk-2cb7c4ec	dailymirrorlk-2cb7c4ec	2026-10-01	BYD opens 11th showroom in Negombo	https://www.dailymirror.lk/business-news/BYD-opens-11th-showroom-in-Negombo/273-351491	en	dailymirrorlk	1790829911.0
lk_news	2026-10-01-dailymirrorlk-a21d7953	dailymirrorlk-a21d7953	2026-10-01	Amana Bank opens 49th Self Banking Centre in Eravur Pattu	https://www.dailymirror.lk/business-news/Amana-Bank-opens-49th-Self-Banking-Centre-in-Eravur-Pattu/273-351490	en	dailymirrorlk	1790829862.0
lk_news	2026-10-01-dailymirrorlk-cb4fadab	dailymirrorlk-cb4fadab	2026-10-01	Sri Lanka Customs goes paperless from today	https://www.dailymirror.lk/breaking-news/Sri-Lanka-Customs-goes-paperless-from-today/108-351489	en	dailymirrorlk	1790829767.0
lk_news	2026-10-01-dailymirrorlk-f945ecc9	dailymirrorlk-f945ecc9	2026-10-01	The Executive Centre expands Sri Lankan footprint	https://www.dailymirror.lk/business-news/The-Executive-Centre-expands-Sri-Lankan-footprint/273-351488	en	dailymirrorlk	1790829763.0
lk_news	2026-10-01-dailymirrorlk-b56efe20	dailymirrorlk-b56efe20	2026-10-01	Seylan Bank’s Islamic Banking Unit secures 3 SLIBFI Awards	https://www.dailymirror.lk/business-news/Seylan-Banks-Islamic-Banking-Unit-secures-3-SLIBFI-Awards/273-351487	en	dailymirrorlk	1790829695.0
lk_news	2026-10-01-dailymirrorlk-24466359	dailymirrorlk-24466359	2026-10-01	Every child must have equal opportunity to realise their potential: President	https://www.dailymirror.lk/breaking-news/Every-child-must-have-equal-opportunity-to-realise-their-potential-President/108-351486	en	dailymirrorlk	1790829178.0
lk_news	2026-10-01-dailymirrorlk-eea421d2	dailymirrorlk-eea421d2	2026-10-01	Johnston: Government targeting opponents through legal action	https://www.dailymirror.lk/breaking-news/Johnston-Government-targeting-opponents-through-legal-action/108-351485	en	dailymirrorlk	1790828395.0
lk_news	2026-10-01-dailymirrorlk-ea96c77c	dailymirrorlk-ea96c77c	2026-10-01	801 reusable plastic bottles seized in Pettah raid	https://www.dailymirror.lk/breaking-news/801-reusable-plastic-bottles-seized-in-Pettah-raid/108-351484	en	dailymirrorlk	1790828281.0
lk_news	2026-10-01-dailymirrorlk-2be1eefa	dailymirrorlk-2be1eefa	2026-10-01	Child protection system to be strengthened through new laws, policies	https://www.dailymirror.lk/breaking-news/Child-protection-system-to-be-strengthened-through-new-laws-policies/108-351483	en	dailymirrorlk	1790828163.0
lk_news	2026-10-01-adalk-55f6b38d	adalk-55f6b38d	2026-10-01	Oktoberfest at the Edge 2026 සමග මහජන බැංකුව එක්වෙයි	https://www.ada.lk/business/Oktoberfest-at-the-Edge-2026-සමග-මහජන-බැංකුව-එක්වෙයි/7-424454	si	adalk	1790827961.0
lk_news	2026-10-01-dailymirrorlk-f4329a17	dailymirrorlk-f4329a17	2026-10-01	Japan raises residency fee for foreign nationals by twenty-fold	https://www.dailymirror.lk/international/Japan-raises-residency-fee-for-foreign-nationals-by-twenty-fold/107-351482	en	dailymirrorlk	1790827887.0
lk_news	2026-10-01-adalk-52eaec84	adalk-52eaec84	2026-10-01	ගෝඨාගේ පෙත්සම ඉවතට	https://www.ada.lk/breaking_news/ගෝඨාගේ-පෙත්සම-ඉවතට/11-424453	si	adalk	1790827828.0
lk_news	2026-10-01-dailymirrorlk-ae86480a	dailymirrorlk-ae86480a	2026-10-01	IGP orders criminal probe into Colombo Port drug seizure	https://www.dailymirror.lk/breaking-news/IGP-orders-criminal-probe-into-Colombo-Port-drug-seizure/108-351481	en	dailymirrorlk	1790826527.0
lk_news	2026-10-01-dailymirrorlk-a5661717	dailymirrorlk-a5661717	2026-10-01	Netanyahu and Modi hail Indian flydubai pilot as hero	https://www.dailymirror.lk/international/Netanyahu-and-Modi-hail-Indian-flydubai-pilot-as-hero/107-351480	en	dailymirrorlk	1790824584.0
lk_news	2026-10-01-dailyftlk-f5f5dc52	dailyftlk-f5f5dc52	2026-10-01	FAAMA appoints new Executive Committee for 2026/27, targeting  $ 1 b local value-addition opportunity	https://www.ft.lk/business/FAAMA-appoints-new-Executive-Committee-for-2026-27-targeting-1-b-local-value-addition-opportunity/34-798051	en	dailyftlk	1790823992.0
lk_news	2026-10-01-dailyftlk-a65cc526	dailyftlk-a65cc526	2026-10-01	World Bank approves $ 110 m for 600km of climate-resistant roads in Sri Lanka	https://www.ft.lk/business/World-Bank-approves-110-m-for-600km-of-climate-resistant-roads-in-Sri-Lanka/34-798050	en	dailyftlk	1790823890.0
lk_news	2026-10-01-dailyftlk-9426232c	dailyftlk-9426232c	2026-10-01	Laugfs Holdings appoints Dhanusha Muthukumarana as Group MD/CEO	https://www.ft.lk/business/Laugfs-Holdings-appoints-Dhanusha-Muthukumarana-as-Group-MD-CEO/34-798049	en	dailyftlk	1790823879.0
lk_news	2026-10-01-dailyftlk-131dc89c	dailyftlk-131dc89c	2026-10-01	Akram Cassim re-elected SLGJA President for third term	https://www.ft.lk/business/Akram-Cassim-re-elected-SLGJA-President-for-third-term/34-798048	en	dailyftlk	1790823828.0
lk_news	2026-10-01-dailyftlk-0c33b487	dailyftlk-0c33b487	2026-10-01	Reliance Consumer Products CEO keynotes SLEIS 2026	https://www.ft.lk/business/Reliance-Consumer-Products-CEO-keynotes-SLEIS-2026/34-798047	en	dailyftlk	1790823761.0
lk_news	2026-10-01-dailyftlk-9ab9f9f0	dailyftlk-9ab9f9f0	2026-10-01	President confers “Vishishta Seva Vibhushana” on 57 senior tri-forces officers	https://www.ft.lk/news/President-confers-Vishishta-Seva-Vibhushana-on-57-senior-tri-forces-officers/56-798024	en	dailyftlk	1790818038.0
lk_news	2026-10-01-dailyftlk-fc47d6ff	dailyftlk-fc47d6ff	2026-10-01	Ranil’s misuse of public funds case put off to 11 Nov. pending AG’s advice	https://www.ft.lk/news/Ranil-s-misuse-of-public-funds-case-put-off-to-11-Nov-pending-AG-s-advice/56-798023	en	dailyftlk	1790817984.0
lk_news	2026-10-01-dailyftlk-dcb68a94	dailyftlk-dcb68a94	2026-10-01	Hambantota women stage awareness protest in Colombo for Tobacco-Free Generation	https://www.ft.lk/news/Hambantota-women-stage-awareness-protest-in-Colombo-for-Tobacco-Free-Generation/56-798022	en	dailyftlk	1790817914.0
lk_news	2026-10-01-dailyftlk-741c9226	dailyftlk-741c9226	2026-10-01	Port City Colombo builds investment momentum across UAE, Oman, and Qatar	https://www.ft.lk/business/Port-City-Colombo-builds-investment-momentum-across-UAE-Oman-and-Qatar/34-798021	en	dailyftlk	1790817837.0
lk_news	2026-10-01-dailyftlk-9d6a2983	dailyftlk-9d6a2983	2026-10-01	Keells marks 35 years of keeping life fresh for Sri Lanka	https://www.ft.lk/business/Keells-marks-35-years-of-keeping-life-fresh-for-Sri-Lanka/34-798020	en	dailyftlk	1790817702.0
lk_news	2026-10-01-dailyftlk-23020d3b	dailyftlk-23020d3b	2026-10-01	Budget 2027 to be presented on 12 Nov.; final vote on 14 Dec.	https://www.ft.lk/business/Budget-2027-to-be-presented-on-12-Nov-final-vote-on-14-Dec/34-798019	en	dailyftlk	1790817686.0
lk_news	2026-10-01-dailyftlk-3860d252	dailyftlk-3860d252	2026-10-01	Resus Energy bids for  16 MW of battery storage	https://www.ft.lk/business/Resus-Energy-bids-for-16-MW-of-battery-storage/34-798018	en	dailyftlk	1790817674.0
lk_news	2026-10-01-dailyftlk-09356658	dailyftlk-09356658	2026-10-01	Storex Renewables partners world’s no. 1 Sigenergy to answer Sri Lanka’s solar policy shift	https://www.ft.lk/business/Storex-Renewables-partners-world-s-no-1-Sigenergy-to-answer-Sri-Lanka-s-solar-policy-shift/34-798017	en	dailyftlk	1790817644.0
lk_news	2026-10-01-dailyftlk-7cffa260	dailyftlk-7cffa260	2026-10-01	Glen Nevis Plantation’s Aratenna Special Silver Tips shine at 2026 North American Tea Conference	https://www.ft.lk/business/Glen-Nevis-Plantation-s-Aratenna-Special-Silver-Tips-shine-at-2026-North-American-Tea-Conference/34-798016	en	dailyftlk	1790817539.0
lk_news	2026-10-01-dailyftlk-c8c81f0e	dailyftlk-c8c81f0e	2026-10-01	81.25% of workers reported heat stress: Sri Lanka is still treating heat as weather	https://www.ft.lk/opinion/81-25-of-workers-reported-heat-stress-Sri-Lanka-is-still-treating-heat-as-weather/14-798015	en	dailyftlk	1790817439.0
lk_news	2026-10-01-dailyftlk-8e64cb21	dailyftlk-8e64cb21	2026-10-01	From relief to recovery: Rebuilding lives after Ditwah	https://www.ft.lk/opinion/From-relief-to-recovery-Rebuilding-lives-after-Ditwah/14-798014	en	dailyftlk	1790817146.0
lk_news	2026-10-01-dailyftlk-a2100b6a	dailyftlk-a2100b6a	2026-10-01	Opposition’s strategic dilemmas, Easter massacre matrix	https://www.ft.lk/columns/Opposition-s-strategic-dilemmas-Easter-massacre-matrix/4-798013	en	dailyftlk	1790816983.0
lk_news	2026-10-01-adalk-f923fd6b	adalk-f923fd6b	2026-10-01	ත්‍රිවිධ හමුදාවේ 57කට විශිෂ්ඨ සේවා විභූෂණ පදක්කම	https://www.ada.lk/breaking_news/ත්‍රිවිධ-හමුදාවේ-57කට-විශිෂ්ඨ-සේවා-විභූෂණ-පදක්කම/11-424452	si	adalk	1790816263.0
lk_news	2026-10-01-adalk-2420dd68	adalk-2420dd68	2026-10-01	අද පස්වරුවේ බොහෝ ප්‍ර දේශවලට වැසි	https://www.ada.lk/breaking_news/අද-පස්වරුවේ-බොහෝ-ප්‍ර-දේශවලට-වැසි/11-424451	si	adalk	1790816017.0
lk_news	2026-10-01-adalk-f752f223	adalk-f752f223	2026-10-01	ආසියානු වාර්තාව අලුත් කිරීමට වැස්ස හරස් වුණා	https://www.ada.lk/sports/ආසියානු-වාර්තාව-අලුත්-කිරීමට-වැස්ස-හරස්-වුණා/9-424450	si	adalk	1790815665.0
lk_news	2026-10-01-adalk-3654a794	adalk-3654a794	2026-10-01	ගොඩනඟන නව ශ්‍රී ලංකාවේ කිසිදු දරුවෙකු අත්හරින්නේ නෑ	https://www.ada.lk/breaking_news/ගොඩනඟන-නව-ශ්‍රී-ලංකාවේ-කිසිදු-දරුවෙකු-අත්හරින්නේ-නෑ/11-424449	si	adalk	1790815418.0
lk_news	2026-10-01-dailyftlk-eef4fc28	dailyftlk-eef4fc28	2026-10-01	The expert shortage we are building	https://www.ft.lk/columns/The-expert-shortage-we-are-building/4-798011	en	dailyftlk	1790813227.0
lk_news	2026-10-01-dailyftlk-41cae6e8	dailyftlk-41cae6e8	2026-10-01	Rowing without a compass: Why Sri Lanka’s industries need a shared bearing	https://www.ft.lk/columns/Rowing-without-a-compass-Why-Sri-Lanka-s-industries-need-a-shared-bearing/4-798010	en	dailyftlk	1790812977.0
lk_news	2026-10-01-adalk-274f2c2c	adalk-274f2c2c	2026-10-01	කිලෝ ගණනින් හමුවෙන මත්කුඩු	https://www.ada.lk/breaking_news/කිලෝ-ගණනින්-හමුවෙන-මත්කුඩු/11-424446	si	adalk	1790804214.0
lk_news	2026-10-01-adalk-066c0a8d	adalk-066c0a8d	2026-10-01	වායු තුවක්කුවක් ක්‍රියාත්මක වී කාන්තාවක් මරුට	https://www.ada.lk/breaking_news/වායු-තුවක්කුවක්-ක්‍රියාත්මක-වී-කාන්තාවක්-මරුට/11-424445	si	adalk	1790802982.0
lk_news	2026-10-01-adalk-cf0fef2e	adalk-cf0fef2e	2026-10-01	බොරතෙල් මිළ පහළට	https://www.ada.lk/breaking_news/බොරතෙල්-මිළ-පහළට/11-424444	si	adalk	1790802480.0
lk_news	2026-10-01-adalk-bffa07c0	adalk-bffa07c0	2026-10-01	ඉන්ධන වර්ග තුනක මිල ඉහළට	https://www.ada.lk/breaking_news/ඉන්ධන-වර්ග-තුනක-මිල-ඉහළට/11-424443	si	adalk	1790802000.0
lk_news	2026-09-30-dailymirrorlk-4529ad73	dailymirrorlk-4529ad73	2026-09-30	Fuel prices revised with effect from midnight	https://www.dailymirror.lk/breaking-news/Fuel-prices-revised-with-effect-from-midnight/108-351479	en	dailymirrorlk	1790789098.0
lk_news	2026-09-30-dailymirrorlk-6b2850a1	dailymirrorlk-6b2850a1	2026-09-30	Passengers overcame pilot who tried to crash flydubai flight, Israel says	https://www.dailymirror.lk/international/Passengers-overcame-pilot-who-tried-to-crash-flydubai-flight-Israel-says/107-351478	en	dailymirrorlk	1790784637.0
lk_news	2026-09-30-dailymirrorlk-60b2761a	dailymirrorlk-60b2761a	2026-09-30	Ticket ballot to go live for Men’s Cricket World Cup 2027	https://www.dailymirror.lk/international/Ticket-ballot-to-go-live-for-Mens-Cricket-World-Cup-2027/107-351477	en	dailymirrorlk	1790781945.0
lk_news	2026-09-30-dailymirrorlk-513384f0	dailymirrorlk-513384f0	2026-09-30	SLC targets transparency, professional management	https://www.dailymirror.lk/breaking-news/SLC-targets-transparency-professional-management/108-351476	en	dailymirrorlk	1790781238.0
lk_news	2026-09-30-dailymirrorlk-1609ee1f	dailymirrorlk-1609ee1f	2026-09-30	Government working on several relief packages: Nalinda	https://www.dailymirror.lk/breaking-news/Government-working-on-several-relief-packages-Nalinda/108-351475	en	dailymirrorlk	1790779113.0
lk_news	2026-09-30-dailymirrorlk-52a8cb69	dailymirrorlk-52a8cb69	2026-09-30	57 officers of tri-forces receive ’’Vishishta Seva Vibhushana’’ medals	https://www.dailymirror.lk/breaking-news/57-officers-of-tri-forces-receive-Vishishta-Seva-Vibhushana-medals/108-351474	en	dailymirrorlk	1790775600.0
lk_news	2026-09-30-dailymirrorlk-0392e689	dailymirrorlk-0392e689	2026-09-30	CSE erases 120-point intraday gain as late selling returns	https://www.dailymirror.lk/breaking-news/CSE-erases-120-point-intraday-gain-as-late-selling-returns/108-351473	en	dailymirrorlk	1790773307.0
lk_news	2026-09-30-dailymirrorlk-02b6a5dc	dailymirrorlk-02b6a5dc	2026-09-30	Singapore launches matchmaking service for government workers	https://www.dailymirror.lk/international/Singapore-launches-matchmaking-service-for-government-workers/107-351472	en	dailymirrorlk	1790773194.0
lk_news	2026-09-30-dailymirrorlk-a6600771	dailymirrorlk-a6600771	2026-09-30	Ranil’s security officer hospitalised following alleged assault by video journalist	https://www.dailymirror.lk/breaking-news/Ranils-security-officer-hospitalised-following-alleged-assault-by-video-journalist/108-351471	en	dailymirrorlk	1790772033.0
lk_news	2026-09-30-dailymirrorlk-52061866	dailymirrorlk-52061866	2026-09-30	World Bank approves $110 Million for roads damaged by Cyclone Ditwah	https://www.dailymirror.lk/breaking-news/World-Bank-approves-110-Million-for-roads-damaged-by-Cyclone-Ditwah/108-351470	en	dailymirrorlk	1790769108.0
lk_news	2026-09-30-dailymirrorlk-088bb407	dailymirrorlk-088bb407	2026-09-30	JVP delegation visits Delhi BJP office	https://www.dailymirror.lk/international/JVP-delegation-visits-Delhi-BJP-office/107-351469	en	dailymirrorlk	1790768138.0
lk_news	2026-09-30-dailymirrorlk-cd03183b	dailymirrorlk-cd03183b	2026-09-30	President seeks mechanism to educate parents on drug threat	https://www.dailymirror.lk/breaking-news/President-seeks-mechanism-to-educate-parents-on-drug-threat/108-351468	en	dailymirrorlk	1790767460.0
lk_news	2026-09-30-adalk-4016decb	adalk-4016decb	2026-09-30	ශ්‍රී ලංකාවෙන් නව කූඩලු විශේෂයක්	https://www.ada.lk/breaking_news/ශ්‍රී-ලංකාවෙන්-නව-කූඩලු-විශේෂයක්/11-424442	si	adalk	1790766446.0
lk_news	2026-09-30-dailymirrorlk-37eaff70	dailymirrorlk-37eaff70	2026-09-30	New Bill to reform governance structure of Sri Lanka Cricket	https://www.dailymirror.lk/breaking-news/New-Bill-to-reform-governance-structure-of-Sri-Lanka-Cricket/108-351467	en	dailymirrorlk	1790765974.0
lk_news	2026-09-30-adalk-e2c6e8b2	adalk-e2c6e8b2	2026-09-30	වැඩිහිටි දිනයේදී අස්වැසුම වැඩිහිටියන්ට ලැබෙන තෑග්ග	https://www.ada.lk/breaking_news/වැඩිහිටි-දිනයේදී-අස්වැසුම-වැඩිහිටියන්ට-ලැබෙන-තෑග්ග/11-424441	si	adalk	1790765845.0
lk_news	2026-09-30-adalk-21c27930	adalk-21c27930	2026-09-30	නව පනතෙන් ක්‍රිකට් පාලනය වෙනස් වෙන හැටි	https://www.ada.lk/breaking_news/නව-පනතෙන්-ක්‍රිකට්-පාලනය-වෙනස්-වෙන-හැටි/11-424440	si	adalk	1790765483.0
lk_news	2026-09-30-adalk-36280869	adalk-36280869	2026-09-30	අරවින්දගේ හා බිරිඳගේ ඇප මුදල් රාජසන්තක කරයි	https://www.ada.lk/breaking_news/අරවින්දගේ-හා-බිරිඳගේ-ඇප-මුදල්-රාජසන්තක-කරයි/11-424439	si	adalk	1790764932.0
lk_news	2026-09-30-adalk-1c19995c	adalk-1c19995c	2026-09-30	ඇප ලැබුණත් රිමාන්ඩ් වුණ නාමල්	https://www.ada.lk/breaking_news/ඇප-ලැබුණත්-රිමාන්ඩ්-වුණ-නාමල්/11-424438	si	adalk	1790764464.0
lk_news	2026-09-30-adalk-33de9c18	adalk-33de9c18	2026-09-30	රනිල්ට එරෙහි නඩුව නොවැම්බර් 11 දා දක්වා කල් දැමෙයි	https://www.ada.lk/breaking_news/රනිල්ට-එරෙහි-නඩුව-නොවැම්බර්-11-දා-දක්වා-කල්-දැමෙයි/11-424437	si	adalk	1790763059.0
lk_news	2026-09-30-adalk-f3e6ada3	adalk-f3e6ada3	2026-09-30	අයවැය කථාව නොවැම්බර් 12	https://www.ada.lk/breaking_news/අයවැය-කථාව-නොවැම්බර්-12/11-424435	si	adalk	1790760786.0
lk_news	2026-09-30-dailymirrorlk-a580a766	dailymirrorlk-a580a766	2026-09-30	Heavy rains expected tomorrow	https://www.dailymirror.lk/breaking-news/Heavy-rains-expected-tomorrow/108-351465	en	dailymirrorlk	1790760337.0
lk_news	2026-09-30-dailymirrorlk-8e05850c	dailymirrorlk-8e05850c	2026-09-30	Activists inspect Miracle Dome City Site amid environmental concerns	https://www.dailymirror.lk/breaking-news/Activists-inspect-Miracle-Dome-City-Site-amid-environmental-concerns/108-351464	en	dailymirrorlk	1790760262.0
lk_news	2026-09-30-dailymirrorlk-430702ed	dailymirrorlk-430702ed	2026-09-30	Digital technology to be integrated into schools: Deputy Minister	https://www.dailymirror.lk/breaking-news/Digital-technology-to-be-integrated-into-schools-Deputy-Minister/108-351463	en	dailymirrorlk	1790760183.0
lk_news	2026-09-30-adalk-3a92e7ec	adalk-3a92e7ec	2026-09-30	විදේශ විනිමය රටින් පිටකිරීම පාලනයට අවධානය	https://www.ada.lk/breaking_news/විදේශ-විනිමය-රටින්-පිටකිරීම-පාලනයට-අවධානය/11-424434	si	adalk	1790759570.0
lk_news	2026-09-30-dailymirrorlk-41772962	dailymirrorlk-41772962	2026-09-30	Namal Rajapaksa granted bail	https://www.dailymirror.lk/breaking-news/Namal-Rajapaksa-granted-bail/108-351462	en	dailymirrorlk	1790758936.0
lk_news	2026-09-30-dailymirrorlk-4baad7f0	dailymirrorlk-4baad7f0	2026-09-30	Israel-bound flight diverted after fight between pilots	https://www.dailymirror.lk/international/Israel-bound-flight-diverted-after-fight-between-pilots/107-351461	en	dailymirrorlk	1790758827.0
lk_news	2026-09-30-dailymirrorlk-7478f088	dailymirrorlk-7478f088	2026-09-30	Ranil Wickremesinghe’s case to be called on November 11	https://www.dailymirror.lk/breaking-news/Ranil-Wickremesinghes-case-to-be-called-on-November-11/108-351458	en	dailymirrorlk	1790757661.0
lk_news	2026-09-30-dailymirrorlk-7d5c878d	dailymirrorlk-7d5c878d	2026-09-30	Aesthetic education vital for empathetic professionals: PM	https://www.dailymirror.lk/breaking-news/Aesthetic-education-vital-for-empathetic-professionals-PM/108-351457	en	dailymirrorlk	1790753952.0
lk_news	2026-09-30-dailymirrorlk-dadca75c	dailymirrorlk-dadca75c	2026-09-30	Deputy Minister warns legal action if Shiranthi Rajapaksa fails to return	https://www.dailymirror.lk/breaking-news/Deputy-Minister-warns-legal-action-if-Shiranthi-Rajapaksa-fails-to-return/108-351456	en	dailymirrorlk	1790753801.0
lk_news	2026-09-30-dailymirrorlk-8c1ef4a7	dailymirrorlk-8c1ef4a7	2026-09-30	US Supreme Court lifts limits on third-country deportations	https://www.dailymirror.lk/international/US-Supreme-Court-lifts-limits-on-third-country-deportations/107-351454	en	dailymirrorlk	1790753227.0
lk_news	2026-09-30-dailymirrorlk-b610b563	dailymirrorlk-b610b563	2026-09-30	Budget speech on November 12	https://www.dailymirror.lk/breaking-news/Budget-speech-on-November-12/108-351450	en	dailymirrorlk	1790751678.0
lk_news	2026-09-30-dailymirrorlk-b4b66469	dailymirrorlk-b4b66469	2026-09-30	Namal’s Airbus case to be taken up before Fort Magistrate’s Court	https://www.dailymirror.lk/breaking-news/Namals-Airbus-case-to-be-taken-up-before-Fort-Magistrates-Court/108-351449	en	dailymirrorlk	1790751449.0
lk_news	2026-09-30-dailymirrorlk-6534b1e8	dailymirrorlk-6534b1e8	2026-09-30	Gotabaya Rajapaksa: Claims of disappearances were made to damage Sri Lanka’s name	https://www.dailymirror.lk/breaking-news/Gotabaya-Rajapaksa-Claims-of-disappearances-were-made-to-damage-Sri-Lankas-name/108-351441	en	dailymirrorlk	1790749721.0
lk_news	2026-09-30-dailymirrorlk-1b3416af	dailymirrorlk-1b3416af	2026-09-30	Drought drives elephant into deadly fence: farmer arrested in Horowpathana	https://www.dailymirror.lk/breaking-news/Drought-drives-elephant-into-deadly-fence-farmer-arrested-in-Horowpathana/108-351438	en	dailymirrorlk	1790749196.0
lk_news	2026-09-30-dailymirrorlk-7941f303	dailymirrorlk-7941f303	2026-09-30	Govt to drop or amend Clause 17 of Anti- Corruption Bill requiring referendum	https://www.dailymirror.lk/breaking-news/Govt-to-drop-or-amend-Clause-17-of-Anti-Corruption-Bill-requiring-referendum/108-351437	en	dailymirrorlk	1790748961.0
lk_news	2026-09-30-dailymirrorlk-e7b17643	dailymirrorlk-e7b17643	2026-09-30	1st World Congress on Snakes 2026 to be held in Sri Lanka	https://www.dailymirror.lk/breaking-news/1st-World-Congress-on-Snakes-2026-to-be-held-in-Sri-Lanka/108-351434	en	dailymirrorlk	1790747421.0
lk_news	2026-09-30-dailymirrorlk-c5c224f1	dailymirrorlk-c5c224f1	2026-09-30	Former Malaysia PM Mahathir admitted to hospital for observation following wife’s passing	https://www.dailymirror.lk/international/Former-Malaysia-PM-Mahathir-admitted-to-hospital-for-observation-following-wifes-passing/107-351433	en	dailymirrorlk	1790747157.0
lk_news	2026-09-30-adalk-9993fca6	adalk-9993fca6	2026-09-30	කෝටි අටක අයිස් සමග ව්‍යාපාරිකයෙක් අල්ලයි	https://www.ada.lk/breaking_news/කෝටි-අටක-අයිස්-සමග-ව්‍යාපාරිකයෙක්-අල්ලයි/11-424433	si	adalk	1790745812.0
lk_news	2026-09-30-dailymirrorlk-07692bf2	dailymirrorlk-07692bf2	2026-09-30	Fort Court to hear case against Ranil today	https://www.dailymirror.lk/breaking-news/Fort-Court-to-hear-case-against-Ranil-today/108-351432	en	dailymirrorlk	1790745666.0
lk_news	2026-09-30-adalk-0797161a	adalk-0797161a	2026-09-30	බද්දේගම ත්‍රිත්ව ඝාතනයට සැකකරුවෙක් අල්ලයි	https://www.ada.lk/breaking_news/බද්දේගම-ත්‍රිත්ව-ඝාතනයට-සැකකරුවෙක්-අල්ලයි/11-424432	si	adalk	1790745546.0
lk_news	2026-09-30-dailymirrorlk-70549985	dailymirrorlk-70549985	2026-09-30	Next IMF programme depends on macro economic stability	https://www.dailymirror.lk/breaking-news/Next-IMF-programme-depends-on-macro-economic-stability/108-351431	en	dailymirrorlk	1790745320.0
lk_news	2026-09-30-dailymirrorlk-32882657	dailymirrorlk-32882657	2026-09-30	Sri Lanka, UAE discuss strengthening bilateral relations at UNGA	https://www.dailymirror.lk/breaking-news/Sri-Lanka-UAE-discuss-strengthening-bilateral-relations-at-UNGA/108-351430	en	dailymirrorlk	1790744450.0
lk_news	2026-09-30-dailymirrorlk-ed5a1a9f	dailymirrorlk-ed5a1a9f	2026-09-30	Dilith Jayaweera’s writ petition challenging contempt complaint dismissed	https://www.dailymirror.lk/breaking-news/Dilith-Jayaweeras-writ-petition-challenging-contempt-complaint-dismissed/108-351429	en	dailymirrorlk	1790743609.0
lk_news	2026-09-30-dailymirrorlk-b3ed9230	dailymirrorlk-b3ed9230	2026-09-30	Policy rate stays at 8.75% amid inflation surge	https://www.dailymirror.lk/breaking-news/Policy-rate-stays-at-8-75-amid-inflation-surge/108-351428	en	dailymirrorlk	1790743471.0
lk_news	2026-09-30-dailymirrorlk-a5f78cf8	dailymirrorlk-a5f78cf8	2026-09-30	Morocco’s King Mohammed VI appoints Fatima Mansouri as the country’s first female prime minister	https://www.dailymirror.lk/international/Moroccos-King-Mohammed-VI-appoints-Fatima-Mansouri-as-the-countrys-first-female-prime-minister/107-351427	en	dailymirrorlk	1790742772.0
lk_news	2026-09-30-adalk-50dec50f	adalk-50dec50f	2026-09-30	දෙවැනි කාර්තුවේදි දළ දේශීය නිෂ්පාදිතය ඉහළට	https://www.ada.lk/breaking_news/දෙවැනි-කාර්තුවේදි-දළ-දේශීය-නිෂ්පාදිතය-ඉහළට/11-424431	si	adalk	1790741225.0
lk_news	2026-09-30-dailymirrorlk-500cc1bc	dailymirrorlk-500cc1bc	2026-09-30	The Overstretch Doctrine: The price of being everywhere	https://www.dailymirror.lk/opinion/The-Overstretch-Doctrine-The-price-of-being-everywhere/172-351426	en	dailymirrorlk	1790740957.0
lk_news	2026-09-30-adalk-6329147f	adalk-6329147f	2026-09-30	එක්දින පොලි අනුපාතය වෙනස් නොකරයි	https://www.ada.lk/breaking_news/එක්දින-පොලි-අනුපාතය-වෙනස්-නොකරයි/11-424430	si	adalk	1790740906.0
lk_news	2026-09-30-adalk-bffdd4a4	adalk-bffdd4a4	2026-09-30	75 හැවැරිදි බිරිඳ ඝාතනය කළ සැමියා දුම්රියට පැන දිවි නසා ගනියි	https://www.ada.lk/breaking_news/75-හැවැරිදි-බිරිඳ-ඝාතනය-කළ-සැමියා-දුම්රියට-පැන-දිවි-නසා-ගනියි/11-424429	si	adalk	1790739724.0
lk_news	2026-09-30-adalk-3502e306	adalk-3502e306	2026-09-30	හෙට සිට ආයෙත් බොහෝ ප්‍රදේශවලට වැසි	https://www.ada.lk/breaking_news/හෙට-සිට-ආයෙත්-බොහෝ-ප්‍රදේශවලට-වැසි/11-424428	si	adalk	1790739244.0
lk_news	2026-09-30-adalk-629d627e	adalk-629d627e	2026-09-30	කිඹුලෙකුගේ කෘතීම බුද්ධි ඡායාරූපයක් සකස් කළ අයෙක්ට වැඩ වරදි	https://www.ada.lk/breaking_news/කිඹුලෙකුගේ-කෘතීම-බුද්ධි-ඡායාරූපයක්-සකස්-කළ-අයෙක්ට-වැඩ-වරදි/11-424427	si	adalk	1790738887.0
lk_news	2026-09-30-dailymirrorlk-61a26a24	dailymirrorlk-61a26a24	2026-09-30	Sri Lanka’s AI ambitions hinge on private capital and control of critical systems	https://www.dailymirror.lk/business-main/Sri-Lankas-AI-ambitions-hinge-on-private-capital-and-control-of-critical-systems/245-351421	en	dailymirrorlk	1790736555.0
lk_news	2026-09-30-dailymirrorlk-e3ad9ecb	dailymirrorlk-e3ad9ecb	2026-09-30	Small vehicles dominate Sri Lanka’s auto demand as consumers turn selective	https://www.dailymirror.lk/business-news/Small-vehicles-dominate-Sri-Lankas-auto-demand-as-consumers-turn-selective/273-351420	en	dailymirrorlk	1790735949.0
lk_news	2026-09-30-dailymirrorlk-92d7e5cc	dailymirrorlk-92d7e5cc	2026-09-30	Control failures emerge from NDB’s  Rs. 13.64bn fraud probe	https://www.dailymirror.lk/business-news/Control-failures-emerge-from-NDBs-Rs-13-64bn-fraud-probe/273-351419	en	dailymirrorlk	1790735618.0
lk_news	2026-09-30-dailymirrorlk-57a763f1	dailymirrorlk-57a763f1	2026-09-30	CSE, GGGI step up push for sustainable bonds	https://www.dailymirror.lk/business-news/CSE-GGGI-step-up-push-for-sustainable-bonds/273-351418	en	dailymirrorlk	1790735458.0
lk_news	2026-09-30-dailymirrorlk-02cac9e1	dailymirrorlk-02cac9e1	2026-09-30	WindForce pulls plug on Rs. 4bn green bond issue	https://www.dailymirror.lk/business-news/WindForce-pulls-plug-on-Rs-4bn-green-bond-issue/273-351417	en	dailymirrorlk	1790735375.0
lk_news	2026-09-30-dailymirrorlk-d3fbe3c0	dailymirrorlk-d3fbe3c0	2026-09-30	Investors on wait-and-see mode ahead of policy decision	https://www.dailymirror.lk/business-news/Investors-on-wait-and-see-mode-ahead-of-policy-decision/273-351416	en	dailymirrorlk	1790735301.0
lk_news	2026-09-30-adalk-90760376	adalk-90760376	2026-09-30	පුතාගේ බෝතල් පහරින් මාමා මරුට	https://www.ada.lk/breaking_news/පුතාගේ-බෝතල්-පහරින්-මාමා-මරුට/11-424426	si	adalk	1790735134.0
lk_news	2026-09-30-dailyftlk-4f5dfe2b	dailyftlk-4f5dfe2b	2026-09-30	AAT Sri Lanka Conference 2026 explores what makes accountants valuable in age of AI	https://www.ft.lk/business/AAT-Sri-Lanka-Conference-2026-explores-what-makes-accountants-valuable-in-age-of-AI/34-797981	en	dailyftlk	1790734838.0
lk_news	2026-09-30-dailymirrorlk-2831aeed	dailymirrorlk-2831aeed	2026-09-30	Indices close in red	https://www.dailymirror.lk/business-news/Indices-close-in-red/273-351415	en	dailymirrorlk	1790734595.0
lk_news	2026-09-30-dailymirrorlk-ff963487	dailymirrorlk-ff963487	2026-09-30	EDB and SLAMERP partner to enhance energy efficiency and profitability  in rubber products manufacturing	https://www.dailymirror.lk/business-news/EDB-and-SLAMERP-partner-to-enhance-energy-efficiency-and-profitability-in-rubber-products-manufacturing/273-351414	en	dailymirrorlk	1790734400.0
lk_news	2026-09-30-adalk-04033ed1	adalk-04033ed1	2026-09-30	හරිත බැඳුම්කර නිකුත් කිරීමට අපේක්ෂිත ආයතනවලට සහාය	https://www.ada.lk/business/හරිත-බැඳුම්කර-නිකුත්-කිරීමට-අපේක්ෂිත-ආයතනවලට-සහාය/7-424425	si	adalk	1790734348.0
lk_news	2026-09-30-dailymirrorlk-83ff8327	dailymirrorlk-83ff8327	2026-09-30	Ceylon Chamber proceeds with ‘business continuity training’ for private sector	https://www.dailymirror.lk/business-news/Ceylon-Chamber-proceeds-with-business-continuity-training-for-private-sector/273-351413	en	dailymirrorlk	1790734224.0
lk_news	2026-09-30-dailymirrorlk-eabe2b8c	dailymirrorlk-eabe2b8c	2026-09-30	SLFPA holds 29th Annual General Meeting	https://www.dailymirror.lk/business-news/SLFPA-holds-29th-Annual-General-Meeting/273-351412	en	dailymirrorlk	1790734051.0
lk_news	2026-09-30-dailymirrorlk-7d505ba9	dailymirrorlk-7d505ba9	2026-09-30	Imran Noordeen appointed as Sheraton Colombo’s Sales & Marketing Director	https://www.dailymirror.lk/business-news/Imran-Noordeen-appointed-as-Sheraton-Colombos-Sales-Marketing-Director/273-351411	en	dailymirrorlk	1790733857.0
lk_news	2026-09-30-adalk-4375b389	adalk-4375b389	2026-09-30	රටපුරා වෙරළබඩ, ජලජ කලාප කොමර්ෂල් බැංකුව පිරිසිදු කරයි	https://www.ada.lk/business/රටපුරා-වෙරළබඩ--ජලජ-කලාප-කොමර්ෂල්-බැංකුව-පිරිසිදු-කරයි/7-424424	si	adalk	1790733844.0
lk_news	2026-09-30-adalk-bdfd3183	adalk-bdfd3183	2026-09-30	අමු කජු ලෙසින් ඔස්ට්‍රේලියාවට යැවීමට ගිය සිගරට් රේගු දැලේ	https://www.ada.lk/breaking_news/අමු-කජු-ලෙසින්-ඔස්ට්‍රේලියාවට-යැවීමට-ගිය-සිගරට්-රේගු-දැලේ/11-424423	si	adalk	1790732443.0
lk_news	2026-09-30-dailymirrorlk-ddb03d37	dailymirrorlk-ddb03d37	2026-09-30	Court of Appeal quashes Deputy Tea Commissioner’s appointment	https://www.dailymirror.lk/business-news/Court-of-Appeal-quashes-Deputy-Tea-Commissioners-appointment/273-351410	en	dailymirrorlk	1790732209.0
lk_news	2026-09-30-dailymirrorlk-c93e8fbc	dailymirrorlk-c93e8fbc	2026-09-30	Sri Lanka wins Gold at ARCASIA Awards for Architecture 2026	https://www.dailymirror.lk/business-news/Sri-Lanka-wins-Gold-at-ARCASIA-Awards-for-Architecture-2026/273-351409	en	dailymirrorlk	1790732110.0
lk_news	2026-09-30-dailymirrorlk-d0535366	dailymirrorlk-d0535366	2026-09-30	Channa Wijewardena named Diabetasol’s Brand Ambassador	https://www.dailymirror.lk/business-news/Channa-Wijewardena-named-Diabetasols-Brand-Ambassador/273-351408	en	dailymirrorlk	1790732009.0
lk_news	2026-09-30-dailymirrorlk-3599691f	dailymirrorlk-3599691f	2026-09-30	Ceyline Group unveils ‘Roots for the Future’ national reforestation initiative to mark 40th anniversary	https://www.dailymirror.lk/business-news/Ceyline-Group-unveils-Roots-for-the-Future-national-reforestation-initiative-to-mark-40th-anniversary/273-351407	en	dailymirrorlk	1790731790.0
lk_news	2026-09-30-dailymirrorlk-be001c6e	dailymirrorlk-be001c6e	2026-09-30	Infomate opens new chapter for SL’s BPM industry with Kurunegala expansion	https://www.dailymirror.lk/business-news/Infomate-opens-new-chapter-for-SLs-BPM-industry-with-Kurunegala-expansion/273-351406	en	dailymirrorlk	1790731644.0
lk_news	2026-09-30-dailyftlk-3fb18170	dailyftlk-3fb18170	2026-09-30	Beyond El Niño: Building lasting climate resilience in Sri Lanka’s plantations	https://www.ft.lk/opinion/Beyond-El-Niño-Building-lasting-climate-resilience-in-Sri-Lanka-s-plantations/14-797975	en	dailyftlk	1790731576.0
lk_news	2026-09-30-dailymirrorlk-cb0be978	dailymirrorlk-cb0be978	2026-09-30	STC General targets wider institutional and consumer markets with three new product launches	https://www.dailymirror.lk/business-news/STC-General-targets-wider-institutional-and-consumer-markets-with-three-new-product-launches/273-351405	en	dailymirrorlk	1790731509.0
lk_news	2026-09-30-dailyftlk-5e810947	dailyftlk-5e810947	2026-09-30	Sophistry, lineage, and class war	https://www.ft.lk/columns/Sophistry-lineage-and-class-war/4-797974	en	dailyftlk	1790731374.0
lk_news	2026-09-30-dailymirrorlk-c1202995	dailymirrorlk-c1202995	2026-09-30	Groundworth launches ‘Antara’ in Thalawathugoda	https://www.dailymirror.lk/business-news/Groundworth-launches-Antara-in-Thalawathugoda/273-351404	en	dailymirrorlk	1790731227.0
lk_news	2026-09-30-dailymirrorlk-61285006	dailymirrorlk-61285006	2026-09-30	INSEE honours suppliers and partners at ‘Supplier Excellence Awards’	https://www.dailymirror.lk/business-news/INSEE-honours-suppliers-and-partners-at-Supplier-Excellence-Awards/273-351403	en	dailymirrorlk	1790731053.0
lk_news	2026-09-30-dailyftlk-b703456c	dailyftlk-b703456c	2026-09-30	Sri Lanka’s Budget process gives public too few opportunities to participate: Verité Research	https://www.ft.lk/opinion/Sri-Lanka-s-Budget-process-gives-public-too-few-opportunities-to-participate-Verité-Research/14-797971	en	dailyftlk	1790729069.0
lk_news	2026-09-30-dailyftlk-138e89aa	dailyftlk-138e89aa	2026-09-30	Budget 2027: Time to review tax-free threshold for salaried taxpayers?	https://www.ft.lk/columns/Budget-2027-Time-to-review-tax-free-threshold-for-salaried-taxpayers/4-797970	en	dailyftlk	1790728957.0
lk_news	2026-09-30-dailyftlk-bb8b7ac1	dailyftlk-bb8b7ac1	2026-09-30	IMF Staff statement: What counts as sustainable recovery?	https://www.ft.lk/columns/IMF-Staff-statement-What-counts-as-sustainable-recovery/4-797969	en	dailyftlk	1790728658.0
lk_news	2026-09-30-dailyftlk-e277724c	dailyftlk-e277724c	2026-09-30	Karu Jayasuriya at 86: Lesson of life in service	https://www.ft.lk/columns/Karu-Jayasuriya-at-86-Lesson-of-life-in-service/4-797968	en	dailyftlk	1790728435.0
lk_news	2026-09-30-dailyftlk-97fa1cf2	dailyftlk-97fa1cf2	2026-09-30	Smarter solar planning: Why Sri Lanka must protect its hydraulic heritage before floating on agricultural waters	https://www.ft.lk/columns/Smarter-solar-planning-Why-Sri-Lanka-must-protect-its-hydraulic-heritage-before-floating-on-agricultural-waters/4-797967	en	dailyftlk	1790728293.0
lk_news	2026-09-30-dailyftlk-aca16ac7	dailyftlk-aca16ac7	2026-09-30	Sri Lanka, Brazil move to strengthen dairy sector cooperation	https://www.ft.lk/business/Sri-Lanka-Brazil-move-to-strengthen-dairy-sector-cooperation/34-797957	en	dailyftlk	1790727471.0
lk_news	2026-09-30-dailyftlk-4127eebf	dailyftlk-4127eebf	2026-09-30	CTC celebrates commercial excellence at Pinnacle Awards 2026	https://www.ft.lk/business/CTC-celebrates-commercial-excellence-at-Pinnacle-Awards-2026/34-797956	en	dailyftlk	1790727399.0
lk_news	2026-09-30-dailyftlk-04b70e62	dailyftlk-04b70e62	2026-09-30	27 leading corporates endorse CA Sri Lanka’s 47th National Conference of Chartered Accountants	https://www.ft.lk/business/27-leading-corporates-endorse-CA-Sri-Lanka-s-47th-National-Conference-of-Chartered-Accountants/34-797955	en	dailyftlk	1790727344.0
lk_news	2026-09-30-dailyftlk-b61de207	dailyftlk-b61de207	2026-09-30	Cabinet awards Rs. 2.89 b Baseline Road contract to Maga Engineering	https://www.ft.lk/business/Cabinet-awards-Rs-2-89-b-Baseline-Road-contract-to-Maga-Engineering/34-797954	en	dailyftlk	1790727306.0
lk_news	2026-09-30-dailyftlk-5158374b	dailyftlk-5158374b	2026-09-30	TRCSL to acquire $ 9.25 m ADB-funded spectrum and service quality monitoring systems	https://www.ft.lk/business/TRCSL-to-acquire-9-25-m-ADB-funded-spectrum-and-service-quality-monitoring-systems/34-797953	en	dailyftlk	1790727254.0
lk_news	2026-09-30-dailyftlk-7f83239a	dailyftlk-7f83239a	2026-09-30	Ex-land official arrested over Rs. 1.59 b Borella State land	https://www.ft.lk/business/Ex-land-official-arrested-over-Rs-1-59-b-Borella-State-land/34-797952	en	dailyftlk	1790727237.0
lk_news	2026-09-30-dailyftlk-43bb30bd	dailyftlk-43bb30bd	2026-09-30	WindForce shelves Rs. 4 b Green Bond on adverse market conditions	https://www.ft.lk/business/WindForce-shelves-Rs-4-b-Green-Bond-on-adverse-market-conditions/34-797951	en	dailyftlk	1790727118.0
lk_news	2026-09-30-dailyftlk-a616ae57	dailyftlk-a616ae57	2026-09-30	Sajith accuses Govt., CBSL of using outdated data to mask poverty	https://www.ft.lk/news/Sajith-accuses-Govt-CBSL-of-using-outdated-data-to-mask-poverty/56-797939	en	dailyftlk	1790721326.0
lk_news	2026-09-30-dailyftlk-c4812e50	dailyftlk-c4812e50	2026-09-30	India airlifts three tons of anti-TB medicines to Sri Lanka	https://www.ft.lk/news/India-airlifts-three-tons-of-anti-TB-medicines-to-Sri-Lanka/56-797938	en	dailyftlk	1790721277.0
lk_news	2026-09-30-dailyftlk-a296eee3	dailyftlk-a296eee3	2026-09-30	No bail for Namal in two cases	https://www.ft.lk/news/No-bail-for-Namal-in-two-cases/56-797937	en	dailyftlk	1790721231.0
lk_news	2026-09-30-dailyftlk-b9c4b4be	dailyftlk-b9c4b4be	2026-09-30	India tells SL illicit funds used in Krrish project	https://www.ft.lk/news/India-tells-SL-illicit-funds-used-in-Krrish-project/56-797936	en	dailyftlk	1790721175.0
lk_news	2026-09-30-dailyftlk-20b8d343	dailyftlk-20b8d343	2026-09-30	Court of Appeal orders Gnanasara Thera’s arrest	https://www.ft.lk/news/Court-of-Appeal-orders-Gnanasara-Thera-s-arrest/56-797935	en	dailyftlk	1790721162.0
lk_news	2026-09-30-dailyftlk-9a8bd698	dailyftlk-9a8bd698	2026-09-30	Cabinet approves to two committees to restore Gregory Lake	https://www.ft.lk/news/Cabinet-approves-to-two-committees-to-restore-Gregory-Lake/56-797934	en	dailyftlk	1790721082.0
lk_news	2026-09-29-dailymirrorlk-7cc4ae44	dailymirrorlk-7cc4ae44	2026-09-29	Vijitha Herath meets Iranian Foreign Minister	https://www.dailymirror.lk/breaking-news/Vijitha-Herath-meets-Iranian-Foreign-Minister/108-351402	en	dailymirrorlk	1790693850.0
lk_news	2026-09-29-dailymirrorlk-2cbb3aa8	dailymirrorlk-2cbb3aa8	2026-09-29	No final decision on exit from IMF programme: Nalinda	https://www.dailymirror.lk/breaking-news/No-final-decision-on-exit-from-IMF-programme-Nalinda/108-351401	en	dailymirrorlk	1790693683.0
lk_news	2026-09-29-adalk-3b0da799	adalk-3b0da799	2026-09-29	සිංහල අවුරුද්දට කලින් යාපනයට, මහනුවරට හා ගාල්ලට මෙට්‍රෝ බස්	https://www.ada.lk/breaking_news/සිංහල-අවුරුද්දට-කලින්-යාපනයට--මහනුවරට-හා-ගාල්ලට-මෙට්‍රෝ-බස්/11-424422	si	adalk	1790691214.0
lk_news	2026-09-29-dailymirrorlk-e8d5aeab	dailymirrorlk-e8d5aeab	2026-09-29	Sri Lanka AI Week 2026 opens	https://www.dailymirror.lk/caption-story/Sri-Lanka-AI-Week-2026-opens/110-351400	en	dailymirrorlk	1790690358.0
lk_news	2026-09-29-dailymirrorlk-b15b4f4c	dailymirrorlk-b15b4f4c	2026-09-29	Sajith ready for public debate on Government report on socio-economic situation	https://www.dailymirror.lk/breaking-news/Sajith-ready-for-public-debate-on-Government-report-on-socio-economic-situation/108-351399	en	dailymirrorlk	1790690117.0
lk_news	2026-09-29-dailymirrorlk-d967ef5f	dailymirrorlk-d967ef5f	2026-09-29	President calls for single digital system for public services	https://www.dailymirror.lk/breaking-news/President-calls-for-single-digital-system-for-public-services/108-351398	en	dailymirrorlk	1790689593.0
lk_news	2026-09-29-dailymirrorlk-3212398a	dailymirrorlk-3212398a	2026-09-29	CSE selling deepens as market breadth falls sharply	https://www.dailymirror.lk/breaking-news/CSE-selling-deepens-as-market-breadth-falls-sharply/108-351397	en	dailymirrorlk	1790686765.0
lk_news	2026-09-29-dailymirrorlk-9806b86d	dailymirrorlk-9806b86d	2026-09-29	New shrine hall consecrated	https://www.dailymirror.lk/caption-story/New-shrine-hall-consecrated/110-351396	en	dailymirrorlk	1790685404.0
lk_news	2026-09-29-dailymirrorlk-99fd211c	dailymirrorlk-99fd211c	2026-09-29	Over 890 illegal firearms seized in first nine months	https://www.dailymirror.lk/breaking-news/Over-890-illegal-firearms-seized-in-first-nine-months/108-351395	en	dailymirrorlk	1790684217.0
lk_news	2026-09-29-adalk-64336128	adalk-64336128	2026-09-29	නාමල්ගේ කුඩු නාවලපිටියට බේදූ සැකකරු අල්ලයි	https://www.ada.lk/breaking_news/නාමල්ගේ-කුඩු-නාවලපිටියට-බේදූ-සැකකරු-අල්ලයි/11-424420	si	adalk	1790682982.0
lk_news	2026-09-29-dailymirrorlk-b66586e1	dailymirrorlk-b66586e1	2026-09-29	Thailand floods kill 23, affect 700,000 people as Bangkok battles severe inundation	https://www.dailymirror.lk/international/Thailand-floods-kill-23-affect-700-000-people-as-Bangkok-battles-severe-inundation/107-351394	en	dailymirrorlk	1790682301.0
lk_news	2026-09-29-adalk-ccae01a3	adalk-ccae01a3	2026-09-29	කොළඹ මාර්ග හතකට මෙට්‍රෝ බස් 112ක්	https://www.ada.lk/picture_story/කොළඹ-මාර්ග-හතකට-මෙට්‍රෝ-බස්-112ක්/10-424419	si	adalk	1790681941.0
lk_news	2026-09-29-dailymirrorlk-07c28306	dailymirrorlk-07c28306	2026-09-29	Massive Cigarette haul destroyed	https://www.dailymirror.lk/caption-story/Massive-Cigarette-haul-destroyed/110-351393	en	dailymirrorlk	1790681008.0
lk_news	2026-09-29-adalk-b6c38548	adalk-b6c38548	2026-09-29	ඉන්ධන සහනය පෙට්‍රල්වලට නෑ, ඩීසල්වලට පමණයි	https://www.ada.lk/breaking_news/ඉන්ධන-සහනය-පෙට්‍රල්වලට-නෑ--ඩීසල්වලට-පමණයි/11-424418	si	adalk	1790680982.0
lk_news	2026-09-29-dailymirrorlk-fe82b819	dailymirrorlk-fe82b819	2026-09-29	SC orders Fowzie to pay Rs.6.6m over misuse of government vehicle with public apology	https://www.dailymirror.lk/breaking-news/SC-orders-Fowzie-to-pay-Rs-6-6m-over-misuse-of-government-vehicle-with-public-apology/108-351392	en	dailymirrorlk	1790680556.0
lk_news	2026-09-29-dailymirrorlk-c6a2fa71	dailymirrorlk-c6a2fa71	2026-09-29	Child content for profit: Ministry issues warning	https://www.dailymirror.lk/breaking-news/Child-content-for-profit-Ministry-issues-warning/108-351391	en	dailymirrorlk	1790678474.0
lk_news	2026-09-29-dailymirrorlk-84a6ad6a	dailymirrorlk-84a6ad6a	2026-09-29	Former President Sirisena calls hospital explosion his ‘most painful day’	https://www.dailymirror.lk/breaking-news/Former-President-Sirisena-calls-hospital-explosion-his-most-painful-day/108-351390	en	dailymirrorlk	1790678055.0
lk_news	2026-09-29-dailymirrorlk-876f80aa	dailymirrorlk-876f80aa	2026-09-29	Baseline Road extension gets green light	https://www.dailymirror.lk/breaking-news/Baseline-Road-extension-gets-green-light/108-351389	en	dailymirrorlk	1790675571.0
lk_news	2026-09-29-dailymirrorlk-59cab4dc	dailymirrorlk-59cab4dc	2026-09-29	Further evidence in Lalith-Kugan case set for Nov. 27	https://www.dailymirror.lk/breaking-news/Further-evidence-in-Lalith-Kugan-case-set-for-Nov-27/108-351388	en	dailymirrorlk	1790675305.0
lk_news	2026-09-29-adalk-b239f8cd	adalk-b239f8cd	2026-09-29	රේණුක පෙරේරාට ඇප	https://www.ada.lk/breaking_news/රේණුක-පෙරේරාට-ඇප/11-424417	si	adalk	1790674861.0
lk_news	2026-09-29-dailymirrorlk-fddefed5	dailymirrorlk-fddefed5	2026-09-29	US forces exit Iraq after two decades, leaving opening for Iran	https://www.dailymirror.lk/international/US-forces-exit-Iraq-after-two-decades-leaving-opening-for-Iran/107-351387	en	dailymirrorlk	1790674512.0
lk_news	2026-09-29-dailymirrorlk-263935a5	dailymirrorlk-263935a5	2026-09-29	Cabinet approves continuation of education reforms for Grades 2 and 6 in 2027	https://www.dailymirror.lk/breaking-news/Cabinet-approves-continuation-of-education-reforms-for-Grades-2-and-6-in-2027/108-351386	en	dailymirrorlk	1790673099.0
lk_news	2026-09-29-dailymirrorlk-81d5bed3	dailymirrorlk-81d5bed3	2026-09-29	Cabinet approves committee to restore Sri Lankan heritage abroad	https://www.dailymirror.lk/breaking-news/Cabinet-approves-committee-to-restore-Sri-Lankan-heritage-abroad/108-351385	en	dailymirrorlk	1790672695.0
lk_news	2026-09-29-dailymirrorlk-632e24b1	dailymirrorlk-632e24b1	2026-09-29	Cabinet approves over Rs. 40 Bn fuel relief programme	https://www.dailymirror.lk/breaking-news/Cabinet-approves-over-Rs-40-Bn-fuel-relief-programme/108-351384	en	dailymirrorlk	1790672344.0
lk_news	2026-09-29-dailymirrorlk-877726ff	dailymirrorlk-877726ff	2026-09-29	BIA to expand automated clearance facilities to 12 e-gates	https://www.dailymirror.lk/breaking-news/BIA-to-expand-automated-clearance-facilities-to-12-e-gates/108-351383	en	dailymirrorlk	1790672215.0
lk_news	2026-09-29-dailymirrorlk-8fb9bf03	dailymirrorlk-8fb9bf03	2026-09-29	112 new Metro buses deployed on seven Western Province routes	https://www.dailymirror.lk/breaking-news/112-new-Metro-buses-deployed-on-seven-Western-Province-routes/108-351382	en	dailymirrorlk	1790672032.0
lk_news	2026-09-29-dailymirrorlk-f31751ff	dailymirrorlk-f31751ff	2026-09-29	Public transport should be on par with free healthcare, education: President	https://www.dailymirror.lk/breaking-news/Public-transport-should-be-on-par-with-free-healthcare-education-President/108-351381	en	dailymirrorlk	1790671940.0
lk_news	2026-09-29-dailymirrorlk-6b9512b8	dailymirrorlk-6b9512b8	2026-09-29	Opposition parties share same view on 22A despite protest absence: GL	https://www.dailymirror.lk/breaking-news/Opposition-parties-share-same-view-on-22A-despite-protest-absence-GL/108-351380	en	dailymirrorlk	1790671752.0
lk_news	2026-09-29-dailymirrorlk-49ef0d8a	dailymirrorlk-49ef0d8a	2026-09-29	Journalist to be crowned king in Uganda after bitter succession dispute	https://www.dailymirror.lk/international/Journalist-to-be-crowned-king-in-Uganda-after-bitter-succession-dispute/107-351378	en	dailymirrorlk	1790670688.0
lk_news	2026-09-29-dailymirrorlk-d66770db	dailymirrorlk-d66770db	2026-09-29	Army seeks blessings at Sri Dalada Maligawa	https://www.dailymirror.lk/caption-story/Army-seeks-blessings-at-Sri-Dalada-Maligawa/110-351377	en	dailymirrorlk	1790670491.0
lk_news	2026-09-29-dailymirrorlk-0921452a	dailymirrorlk-0921452a	2026-09-29	Rs. 1.58B state land fraud: Ex-Commissioner arrested	https://www.dailymirror.lk/breaking-news/Rs-1-58B-state-land-fraud-Ex-Commissioner-arrested/108-351375	en	dailymirrorlk	1790669706.0
lk_news	2026-09-29-dailymirrorlk-58dc13d3	dailymirrorlk-58dc13d3	2026-09-29	Former NTC Chairman Renuka Perera released on bail	https://www.dailymirror.lk/breaking-news/Former-NTC-Chairman-Renuka-Perera-released-on-bail/108-351374	en	dailymirrorlk	1790669462.0
lk_news	2026-09-29-dailymirrorlk-dfc12aac	dailymirrorlk-dfc12aac	2026-09-29	Court of Appeal issues warrant for Gnanasara Thera’s arrest	https://www.dailymirror.lk/breaking-news/Court-of-Appeal-issues-warrant-for-Gnanasara-Theras-arrest/108-351369	en	dailymirrorlk	1790668055.0
lk_news	2026-09-29-dailymirrorlk-19107f8a	dailymirrorlk-19107f8a	2026-09-29	Marking World Pharmacists Day	https://www.dailymirror.lk/caption-story/Marking-World-Pharmacists-Day/110-351368	en	dailymirrorlk	1790666733.0
lk_news	2026-09-29-adalk-023e35e8	adalk-023e35e8	2026-09-29	නාමල්ට ඇප නෑ	https://www.ada.lk/breaking_news/නාමල්ට-ඇප-නෑ/11-424416	si	adalk	1790666670.0
lk_news	2026-09-29-dailymirrorlk-a5113d59	dailymirrorlk-a5113d59	2026-09-29	Namal Rajapaksa remanded till October 6 in Krrish case	https://www.dailymirror.lk/breaking-news/Namal-Rajapaksa-remanded-till-October-6-in-Krrish-case/108-351366	en	dailymirrorlk	1790666306.0
lk_news	2026-09-29-dailymirrorlk-61c8bc56	dailymirrorlk-61c8bc56	2026-09-29	Gotabaya appears before court over Lalith-Kugan case	https://www.dailymirror.lk/breaking-news/Gotabaya-appears-before-court-over-Lalith-Kugan-case/108-351364	en	dailymirrorlk	1790665844.0
lk_news	2026-09-29-adalk-1149649a	adalk-1149649a	2026-09-29	ගම්මන්පිල නිදොස්කොට නිදහස්	https://www.ada.lk/breaking_news/ගම්මන්පිල-නිදොස්කොට-නිදහස්/11-424415	si	adalk	1790665454.0
lk_news	2026-09-29-adalk-06045443	adalk-06045443	2026-09-29	SDB බැංකුව 29 වසරක ගමන්මඟ සනිටුහන් කරයි	https://www.ada.lk/business/SDB-බැංකුව-29-වසරක-ගමන්මඟ-සනිටුහන්-කරයි/7-424414	si	adalk	1790664625.0
lk_news	2026-09-29-adalk-29e74a55	adalk-29e74a55	2026-09-29	සෙලින්කෝ ලයිෆ් විශිෂ්ටතම විකුණුම් නිලධාරීන් ඇගයෙයි	https://www.ada.lk/business/සෙලින්කෝ-ලයිෆ්-විශිෂ්ටතම-විකුණුම්-නිලධාරීන්-ඇගයෙයි/7-424413	si	adalk	1790664317.0
lk_news	2026-09-29-dailymirrorlk-790ec6bd	dailymirrorlk-790ec6bd	2026-09-29	Oil prices rise for second session on continued Middle East supply concerns	https://www.dailymirror.lk/international/Oil-prices-rise-for-second-session-on-continued-Middle-East-supply-concerns/107-351360	en	dailymirrorlk	1790663892.0
lk_news	2026-09-29-dailymirrorlk-a1cc30f4	dailymirrorlk-a1cc30f4	2026-09-29	Namal Rajapaksa further remanded over Air Bus deal	https://www.dailymirror.lk/breaking-news/Namal-Rajapaksa-further-remanded-over-Air-Bus-deal/108-351359	en	dailymirrorlk	1790663584.0
lk_news	2026-09-29-dailymirrorlk-c3d3286b	dailymirrorlk-c3d3286b	2026-09-29	Gnanasara Thera absent in court: Decision on warrant at noon	https://www.dailymirror.lk/breaking-news/Gnanasara-Thera-absent-in-court-Decision-on-warrant-at-noon/108-351358	en	dailymirrorlk	1790663438.0
lk_news	2026-09-29-dailymirrorlk-dfccf906	dailymirrorlk-dfccf906	2026-09-29	Udaya Gammanpila acquitted in Rs. 21 million criminal breach of trust case	https://www.dailymirror.lk/breaking-news/Udaya-Gammanpila-acquitted-in-Rs-21-million-criminal-breach-of-trust-case/108-351357	en	dailymirrorlk	1790663269.0
lk_news	2026-09-29-dailymirrorlk-532e4427	dailymirrorlk-532e4427	2026-09-29	OpenAI scraps rollout of new model over safety concerns	https://www.dailymirror.lk/international/OpenAI-scraps-rollout-of-new-model-over-safety-concerns/107-351356	en	dailymirrorlk	1790663043.0
lk_news	2026-09-29-dailymirrorlk-df4cefd4	dailymirrorlk-df4cefd4	2026-09-29	Eswatini Government confirms death of Sri Lankan national	https://www.dailymirror.lk/breaking-news/Eswatini-Government-confirms-death-of-Sri-Lankan-national/108-351354	en	dailymirrorlk	1790662409.0
lk_news	2026-09-29-dailymirrorlk-d2963497	dailymirrorlk-d2963497	2026-09-29	Mihintalen Handak YouTube Channel defamation case postponed to December4	https://www.dailymirror.lk/breaking-news/Mihintalen-Handak-YouTube-Channel-defamation-case-postponed-to-December4/108-351353	en	dailymirrorlk	1790661216.0
lk_news	2026-09-29-dailymirrorlk-2069a2a7	dailymirrorlk-2069a2a7	2026-09-29	Full Moon a sign of cultural link between China and Sri Lanka - Ambassador	https://www.dailymirror.lk/breaking-news/Full-Moon-a-sign-of-cultural-link-between-China-and-Sri-Lanka-Ambassador/108-351351	en	dailymirrorlk	1790660126.0
lk_news	2026-09-29-dailymirrorlk-a47aa3a3	dailymirrorlk-a47aa3a3	2026-09-29	Court directs counsel to advise Gnanasara Thera to appear in another contempt case	https://www.dailymirror.lk/breaking-news/Court-directs-counsel-to-advise-Gnanasara-Thera-to-appear-in-another-contempt-case/108-351349	en	dailymirrorlk	1790659695.0
lk_news	2026-09-29-dailymirrorlk-9f3ce834	dailymirrorlk-9f3ce834	2026-09-29	Flood warnings lifted for four river basins	https://www.dailymirror.lk/breaking-news/Flood-warnings-lifted-for-four-river-basins/108-351347	en	dailymirrorlk	1790659543.0
lk_news	2026-09-29-dailymirrorlk-9f9e6908	dailymirrorlk-9f9e6908	2026-09-29	Tissamaharama Base Hospital faces severe staff, facility shortages	https://www.dailymirror.lk/breaking-news/Tissamaharama-Base-Hospital-faces-severe-staff-facility-shortages/108-351346	en	dailymirrorlk	1790659342.0
lk_news	2026-09-29-dailymirrorlk-c886f174	dailymirrorlk-c886f174	2026-09-29	Elephant runs riot at Perahera in Badulla	https://www.dailymirror.lk/breaking-news/Elephant-runs-riot-at-Perahera-in-Badulla/108-351345	en	dailymirrorlk	1790658975.0
lk_news	2026-09-29-dailymirrorlk-cc43e189	dailymirrorlk-cc43e189	2026-09-29	JVP beefs up ties with India’s BJP as Tilvin leads delegation	https://www.dailymirror.lk/breaking-news/JVP-beefs-up-ties-with-Indias-BJP-as-Tilvin-leads-delegation/108-351344	en	dailymirrorlk	1790658496.0
lk_news	2026-09-29-dailymirrorlk-de7d1e1e	dailymirrorlk-de7d1e1e	2026-09-29	Without internal  unity, Sri Lanka cannot navigate external turbulence-  former Singapore Foreign Minister	https://www.dailymirror.lk/hard-talk/Without-internal-unity-Sri-Lanka-cannot-navigate-external-turbulence-former-Singapore-Foreign-Minister/334-351339	en	dailymirrorlk	1790658118.0
lk_news	2026-09-29-dailymirrorlk-b16533b4	dailymirrorlk-b16533b4	2026-09-29	US Army Pacific Deputy Commander arrives in Sri Lanka	https://www.dailymirror.lk/breaking-news/US-Army-Pacific-Deputy-Commander-arrives-in-Sri-Lanka/108-351338	en	dailymirrorlk	1790658039.0
lk_news	2026-09-29-dailymirrorlk-1d2794f7	dailymirrorlk-1d2794f7	2026-09-29	Four injured as pavement caves in near old Kandy Prison	https://www.dailymirror.lk/breaking-news/Four-injured-as-pavement-caves-in-near-old-Kandy-Prison/108-351337	en	dailymirrorlk	1790657932.0
lk_news	2026-09-29-dailymirrorlk-29414004	dailymirrorlk-29414004	2026-09-29	SC Determination on 22A:  A Law and Policy Critique	https://www.dailymirror.lk/opinion/SC-Determination-on-22A-A-Law-and-Policy-Critique/172-351336	en	dailymirrorlk	1790657904.0
lk_news	2026-09-29-dailymirrorlk-486f804a	dailymirrorlk-486f804a	2026-09-29	Why Are Our Politicians So Corrupt?	https://www.dailymirror.lk/opinion/Why-Are-Our-Politicians-So-Corrupt/172-351335	en	dailymirrorlk	1790657755.0
lk_news	2026-09-29-dailymirrorlk-bf75ca69	dailymirrorlk-bf75ca69	2026-09-29	Exhibition highlights surgeon’s good work	https://www.dailymirror.lk/opinion/Exhibition-highlights-surgeons-good-work/172-351334	en	dailymirrorlk	1790657630.0
lk_news	2026-09-29-dailymirrorlk-21405431	dailymirrorlk-21405431	2026-09-29	Namal produced before court over ‘Krrish’ deal	https://www.dailymirror.lk/breaking-news/Namal-produced-before-court-over-Krrish-deal/108-351333	en	dailymirrorlk	1790657613.0
lk_news	2026-09-29-dailymirrorlk-2bec809a	dailymirrorlk-2bec809a	2026-09-29	Do not politicise the Anojan issue	https://www.dailymirror.lk/opinion/Do-not-politicise-the-Anojan-issue/172-351332	en	dailymirrorlk	1790657548.0
lk_news	2026-09-29-dailymirrorlk-b58173cb	dailymirrorlk-b58173cb	2026-09-29	Asian Games Cricket: Bangladesh, Sri Lanka reach semifinals without playing a ball	https://www.dailymirror.lk/international/Asian-Games-Cricket-Bangladesh-Sri-Lanka-reach-semifinals-without-playing-a-ball/107-351330	en	dailymirrorlk	1790657450.0
lk_news	2026-09-29-dailymirrorlk-0cc4db2a	dailymirrorlk-0cc4db2a	2026-09-29	President congratulates Rumesh on historic gold	https://www.dailymirror.lk/breaking-news/President-congratulates-Rumesh-on-historic-gold/108-351329	en	dailymirrorlk	1790657162.0
lk_news	2026-09-29-dailymirrorlk-2dc82233	dailymirrorlk-2dc82233	2026-09-29	Middle East escalation threatens Sri Lanka on 6 economic fronts: ADB	https://www.dailymirror.lk/business-main/Middle-East-escalation-threatens-Sri-Lanka-on-6-economic-fronts-ADB/245-351328	en	dailymirrorlk	1790656947.0
lk_news	2026-09-29-dailymirrorlk-e6978865	dailymirrorlk-e6978865	2026-09-29	SpaceX’s Starship makes orbital debut deploying Starlinks before early ending	https://www.dailymirror.lk/international/SpaceXs-Starship-makes-orbital-debut-deploying-Starlinks-before-early-ending/107-351327	en	dailymirrorlk	1790656835.0
lk_news	2026-09-29-dailymirrorlk-88c06ee3	dailymirrorlk-88c06ee3	2026-09-29	CSE’s 2025 annual report ranked as Sri Lanka’s No. 1	https://www.dailymirror.lk/business-news/CSEs-2025-annual-report-ranked-as-Sri-Lankas-No-1/273-351326	en	dailymirrorlk	1790656823.0
lk_news	2026-09-29-dailymirrorlk-91bdb5b0	dailymirrorlk-91bdb5b0	2026-09-29	Amana Bank recognised as Sri Lanka’s Best at IFN Awards	https://www.dailymirror.lk/business-news/Amana-Bank-recognised-as-Sri-Lankas-Best-at-IFN-Awards/273-351325	en	dailymirrorlk	1790656759.0
lk_news	2026-09-29-dailymirrorlk-d3d104c5	dailymirrorlk-d3d104c5	2026-09-29	Sri Lanka’s corporate debt swells to US $ 86.5bn as IIF flags data gaps	https://www.dailymirror.lk/business-news/Sri-Lankas-corporate-debt-swells-to-US-86-5bn-as-IIF-flags-data-gaps/273-351324	en	dailymirrorlk	1790656682.0
lk_news	2026-09-29-dailymirrorlk-e934393a	dailymirrorlk-e934393a	2026-09-29	Pan Asia Bank plans Rs.4bn Tier 2 debenture issue	https://www.dailymirror.lk/business-news/Pan-Asia-Bank-plans-Rs-4bn-Tier-2-debenture-issue/273-351323	en	dailymirrorlk	1790656655.0
lk_news	2026-09-29-dailymirrorlk-2831aeed	dailymirrorlk-2831aeed	2026-09-29	Indices close in red	https://www.dailymirror.lk/business-news/Indices-close-in-red/273-351322	en	dailymirrorlk	1790656636.0
lk_news	2026-09-29-dailymirrorlk-2076b6c7	dailymirrorlk-2076b6c7	2026-09-29	Baby hippo’s winning name to be announced on Oct. 1	https://www.dailymirror.lk/breaking-news/Baby-hippos-winning-name-to-be-announced-on-Oct-1/108-351321	en	dailymirrorlk	1790656611.0
lk_news	2026-09-29-dailymirrorlk-a42d1212	dailymirrorlk-a42d1212	2026-09-29	Yields edge up driven by modest selling pressure	https://www.dailymirror.lk/business-news/Yields-edge-up-driven-by-modest-selling-pressure/273-351320	en	dailymirrorlk	1790656573.0
lk_news	2026-09-29-dailymirrorlk-674e01bc	dailymirrorlk-674e01bc	2026-09-29	HayWind commences turbine tower erection at Mannar Wind Farm	https://www.dailymirror.lk/business-news/HayWind-commences-turbine-tower-erection-at-Mannar-Wind-Farm/273-351319	en	dailymirrorlk	1790656447.0
lk_news	2026-09-29-dailymirrorlk-dca47553	dailymirrorlk-dca47553	2026-09-29	Central Bank releases Sri Lanka Socio-Economic Data – 2026 publication	https://www.dailymirror.lk/business-news/Central-Bank-releases-Sri-Lanka-Socio-Economic-Data-2026-publication/273-351318	en	dailymirrorlk	1790656370.0
lk_news	2026-09-29-dailymirrorlk-10336e3e	dailymirrorlk-10336e3e	2026-09-29	SLEIS 2026 to explore new opportunities in SL’s health economy	https://www.dailymirror.lk/business-news/SLEIS-2026-to-explore-new-opportunities-in-SLs-health-economy/273-351317	en	dailymirrorlk	1790656322.0
lk_news	2026-09-29-dailymirrorlk-ba2e4276	dailymirrorlk-ba2e4276	2026-09-29	Hayleys installs solar in three Sri Lankan heritage hotels	https://www.dailymirror.lk/business-news/Hayleys-installs-solar-in-three-Sri-Lankan-heritage-hotels/273-351316	en	dailymirrorlk	1790656078.0
lk_news	2026-09-29-dailymirrorlk-05b1c37c	dailymirrorlk-05b1c37c	2026-09-29	Abanchy Ceylon expands into Kenya with the incorporation of Abanchy Africa	https://www.dailymirror.lk/business-news/Abanchy-Ceylon-expands-into-Kenya-with-the-incorporation-of-Abanchy-Africa/273-351315	en	dailymirrorlk	1790655958.0
lk_news	2026-09-29-dailymirrorlk-bed27c35	dailymirrorlk-bed27c35	2026-09-29	Great Place To Work announces ‘2026 Best Workplaces in Asia	https://www.dailymirror.lk/business-news/Great-Place-To-Work-announces-2026-Best-Workplaces-in-Asia/273-351314	en	dailymirrorlk	1790655790.0
lk_news	2026-09-29-dailymirrorlk-762ab1df	dailymirrorlk-762ab1df	2026-09-29	Cargills Bank expands partnership with Intellect	https://www.dailymirror.lk/business-news/Cargills-Bank-expands-partnership-with-Intellect/273-351312	en	dailymirrorlk	1790655677.0
lk_news	2026-09-29-dailymirrorlk-9d6a2983	dailymirrorlk-9d6a2983	2026-09-29	Keells marks 35 years of keeping life fresh for Sri Lanka	https://www.dailymirror.lk/business-news/Keells-marks-35-years-of-keeping-life-fresh-for-Sri-Lanka/273-351311	en	dailymirrorlk	1790655458.0
lk_news	2026-09-29-dailymirrorlk-734055d9	dailymirrorlk-734055d9	2026-09-29	Lanka Aluminium Industries opens 10th retail outlet in Kalutara	https://www.dailymirror.lk/business-news/Lanka-Aluminium-Industries-opens-10th-retail-outlet-in-Kalutara/273-351310	en	dailymirrorlk	1790655411.0
lk_news	2026-09-29-dailymirrorlk-b2f3d4cf	dailymirrorlk-b2f3d4cf	2026-09-29	Sheaffer returns to  Sri Lankan market	https://www.dailymirror.lk/business-news/Sheaffer-returns-to-Sri-Lankan-market/273-351309	en	dailymirrorlk	1790655337.0
lk_news	2026-09-29-adalk-320b7480	adalk-320b7480	2026-09-29	නෙතන්යාහු රහසේම අරාබි ඒමීරයට ඇවිත්	https://www.ada.lk/breaking_news/නෙතන්යාහු-රහසේම-අරාබි-ඒමීරයට-ඇවිත්/11-424412	si	adalk	1790648890.0
lk_news	2026-09-29-adalk-f997e28f	adalk-f997e28f	2026-09-29	චීනයට ආයුධ විකිණීමට සාකච්ඡා කළේ නෑ	https://www.ada.lk/breaking_news/චීනයට-ආයුධ-විකිණීමට-සාකච්ඡා-කළේ-නෑ/11-424411	si	adalk	1790648299.0
lk_news	2026-09-29-adalk-f0b84487	adalk-f0b84487	2026-09-29	රත්ගම වෙඩි තැබිමක්	https://www.ada.lk/breaking_news/රත්ගම-වෙඩි-තැබිමක්/11-424410	si	adalk	1790647714.0
lk_news	2026-09-29-adalk-348ce085	adalk-348ce085	2026-09-29	කොළඹ සිට පේරාදෙණිය හා ගම්පොලට දුම්රිය ධාවනය අරඹයි	https://www.ada.lk/breaking_news/කොළඹ-සිට-පේරාදෙණිය-හා-ගම්පොලට-දුම්රිය-ධාවනය-අරඹයි/11-424409	si	adalk	1790647264.0
lk_news	2026-09-29-adalk-b0a1c04c	adalk-b0a1c04c	2026-09-29	පුද්ගලයෙකුගේ පසුබිම නොසලකා දූෂණයට එරෙහිව නීතිය ක්‍රියාත්මක කරනවා	https://www.ada.lk/breaking_news/පුද්ගලයෙකුගේ-පසුබිම-නොසලකා-දූෂණයට-එරෙහිව-නීතිය-ක්‍රියාත්මක-කරනවා/11-424408	si	adalk	1790646764.0
lk_news	2026-09-29-dailyftlk-4571b178	dailyftlk-4571b178	2026-09-29	Breaking Sri Lanka’s capital market ‘Chicken-and-Egg’ cycle: Why the time has come to act	https://www.ft.lk/columns/Breaking-Sri-Lanka-s-capital-market-Chicken-and-Egg-cycle-Why-the-time-has-come-to-act/4-797913	en	dailyftlk	1790637627.0
lk_news	2026-09-29-dailyftlk-9d121387	dailyftlk-9d121387	2026-09-29	Tamil, Muslim MPs seek clemency for Sri Lankan facing death sentence in Saudi Arabia	https://www.ft.lk/news/Tamil-Muslim-MPs-seek-clemency-for-Sri-Lankan-facing-death-sentence-in-Saudi-Arabia/56-797894	en	dailyftlk	1790631543.0
lk_news	2026-09-29-dailyftlk-9a3b0fa7	dailyftlk-9a3b0fa7	2026-09-29	Yoshitha money laundering case fixed for pre-trial conference on 3 Nov.	https://www.ft.lk/news/Yoshitha-money-laundering-case-fixed-for-pre-trial-conference-on-3-Nov/56-797893	en	dailyftlk	1790631432.0
lk_news	2026-09-29-dailyftlk-4be00521	dailyftlk-4be00521	2026-09-29	The Maldives has a $ 20b question for Sri Lanka	https://www.ft.lk/columns/The-Maldives-has-a-20b-question-for-Sri-Lanka/4-797892	en	dailyftlk	1790630438.0
lk_news	2026-09-29-dailyftlk-337bfc29	dailyftlk-337bfc29	2026-09-29	Sri Lanka invites Malaysian corporates to partner in next growth phase	https://www.ft.lk/business/Sri-Lanka-invites-Malaysian-corporates-to-partner-in-next-growth-phase/34-797891	en	dailyftlk	1790629466.0
lk_news	2026-09-29-dailyftlk-d5ae226d	dailyftlk-d5ae226d	2026-09-29	Blink International acquires Wrist Lab	https://www.ft.lk/business/Blink-International-acquires-Wrist-Lab/34-797890	en	dailyftlk	1790629207.0
lk_news	2026-09-29-dailyftlk-9b03ed6b	dailyftlk-9b03ed6b	2026-09-29	Mintpay partners Curtin Colombo Student Guild to expand student rewards	https://www.ft.lk/business/Mintpay-partners-Curtin-Colombo-Student-Guild-to-expand-student-rewards/34-797889	en	dailyftlk	1790628642.0
lk_news	2026-09-29-dailyftlk-3a55399f	dailyftlk-3a55399f	2026-09-29	Revantha Devasurendra joins Harischandra Mills Board	https://www.ft.lk/business/Revantha-Devasurendra-joins-Harischandra-Mills-Board/34-797888	en	dailyftlk	1790628368.0
lk_news	2026-09-29-dailyftlk-eba8bd0b	dailyftlk-eba8bd0b	2026-09-29	CBSL releases 49th edition of annual socio-economic data folder	https://www.ft.lk/business/CBSL-releases-49th-edition-of-annual-socio-economic-data-folder/34-797887	en	dailyftlk	1790627560.0
lk_news	2026-09-29-dailyftlk-8c759d42	dailyftlk-8c759d42	2026-09-29	Sri Lanka pushes stronger social protection for migrant workers	https://www.ft.lk/news/Sri-Lanka-pushes-stronger-social-protection-for-migrant-workers/56-797883	en	dailyftlk	1790626166.0
lk_news	2026-09-29-dailyftlk-af0e5b37	dailyftlk-af0e5b37	2026-09-29	Servatians Colombo  Night 2026 on 3 October	https://www.ft.lk/news/Servatians-Colombo-Night-2026-on-3-October/56-797882	en	dailyftlk	1790625963.0
lk_news	2026-09-29-dailyftlk-6695485f	dailyftlk-6695485f	2026-09-29	Less generous, more credible? Rethinking Port City Colombo’s investment proposition	https://www.ft.lk/columns/Less-generous-more-credible-Rethinking-Port-City-Colombo-s-investment-proposition/4-797876	en	dailyftlk	1790624210.0
lk_news	2026-09-29-dailyftlk-c99a4c10	dailyftlk-c99a4c10	2026-09-29	SC determination on 22A: A law and policy critique	https://www.ft.lk/columns/SC-determination-on-22A-A-law-and-policy-critique/4-797871	en	dailyftlk	1790621099.0
lk_news	2026-09-29-dailyftlk-cffd07b8	dailyftlk-cffd07b8	2026-09-29	Two years in office: Promises and performance	https://www.ft.lk/columns/Two-years-in-office-Promises-and-performance/4-797870	en	dailyftlk	1790620200.0
lk_news	2026-09-28-dailymirrorlk-b6dcfe67	dailymirrorlk-b6dcfe67	2026-09-28	Sri Lanka urges world to put humanity before weapons	https://www.dailymirror.lk/breaking-news/Sri-Lanka-urges-world-to-put-humanity-before-weapons/108-351307	en	dailymirrorlk	1790613449.0
lk_news	2026-09-28-dailymirrorlk-76fa1229	dailymirrorlk-76fa1229	2026-09-28	Upcountry train services to Gampola resume from Oct. 2	https://www.dailymirror.lk/breaking-news/Upcountry-train-services-to-Gampola-resume-from-Oct-2/108-351306	en	dailymirrorlk	1790610358.0
lk_news	2026-09-28-dailymirrorlk-74dbb50d	dailymirrorlk-74dbb50d	2026-09-28	BMI Group launches Ahasa TV with focus on education and quality content	https://www.dailymirror.lk/breaking-news/BMI-Group-launches-Ahasa-TV-with-focus-on-education-and-quality-content/108-351305	en	dailymirrorlk	1790608261.0
lk_news	2026-09-28-dailymirrorlk-f73ecea0	dailymirrorlk-f73ecea0	2026-09-28	Lanka Metro Transit to launch seven new routes tomorrow	https://www.dailymirror.lk/breaking-news/Lanka-Metro-Transit-to-launch-seven-new-routes-tomorrow/108-351304	en	dailymirrorlk	1790607033.0
lk_news	2026-09-28-adalk-f27dff86	adalk-f27dff86	2026-09-28	පාසල් සිසුවියකට අසභ්‍ය චිත්‍රපට පෙන්වා අතවර කිරිමට තැත්කල විද්‍යා ගුරුවරයා රිමාන්ඩ්	https://www.ada.lk/breaking_news/පාසල්-සිසුවියකට-අසභ්‍ය-චිත්‍රපට-පෙන්වා-අතවර-කිරිමට-තැත්කල-විද්‍යා-ගුරුවරයා-රිමාන්ඩ්/11-424407	si	adalk	1790606826.0
lk_news	2026-09-28-dailymirrorlk-9c1fbe94	dailymirrorlk-9c1fbe94	2026-09-28	‘Was he planning to open a restaurant?’: AKD on Ranil’s 16-cook request	https://www.dailymirror.lk/breaking-news/Was-he-planning-to-open-a-restaurant-AKD-on-Ranils-16-cook-request/108-351303	en	dailymirrorlk	1790602227.0
lk_news	2026-09-28-dailymirrorlk-4b17d2e5	dailymirrorlk-4b17d2e5	2026-09-28	Rumesh Tharanga Pathirage wins Sri Lanka’s first gold at Asian Games	https://www.dailymirror.lk/breaking-news/Rumesh-Tharanga-Pathirage-wins-Sri-Lankas-first-gold-at-Asian-Games/108-351302	en	dailymirrorlk	1790600562.0
lk_news	2026-09-28-dailymirrorlk-6a612a9c	dailymirrorlk-6a612a9c	2026-09-28	CSE slips below 21,000 as turnover hits YTD low	https://www.dailymirror.lk/breaking-news/CSE-slips-below-21-000-as-turnover-hits-YTD-low/108-351301	en	dailymirrorlk	1790598728.0
lk_news	2026-09-28-dailymirrorlk-0c395d35	dailymirrorlk-0c395d35	2026-09-28	Supreme Court dismisses contempt petitions against Shani Abeysekara, Ravi Seneviratne, Fr. Cyril Gamini	https://www.dailymirror.lk/breaking-news/Supreme-Court-dismisses-contempt-petitions-against-Shani-Abeysekara-Ravi-Seneviratne-Fr-Cyril-Gamini/108-351300	en	dailymirrorlk	1790598631.0
lk_news	2026-09-28-dailymirrorlk-acebde46	dailymirrorlk-acebde46	2026-09-28	Opposition in disarray after 22A: Nalinda	https://www.dailymirror.lk/breaking-news/Opposition-in-disarray-after-22A-Nalinda/108-351299	en	dailymirrorlk	1790597167.0
lk_news	2026-09-28-adalk-f8192ff5	adalk-f8192ff5	2026-09-28	ඉන්දියාවේ පැවැති මෝටර් රථ තරගයක මුල් ස්ථාන තුනම ලංකාවට	https://www.ada.lk/breaking_news/ඉන්දියාවේ-පැවැති-මෝටර්-රථ-තරගයක-මුල්-ස්ථාන-තුනම-ලංකාවට/11-424406	si	adalk	1790595471.0
lk_news	2026-09-28-dailymirrorlk-58feab20	dailymirrorlk-58feab20	2026-09-28	Three arrested over Baddegama double murder	https://www.dailymirror.lk/breaking-news/Three-arrested-over-Baddegama-double-murder/108-351298	en	dailymirrorlk	1790595181.0
lk_news	2026-09-28-dailymirrorlk-5280895e	dailymirrorlk-5280895e	2026-09-28	SLPP hints at rally to rival Anuradhapura event	https://www.dailymirror.lk/breaking-news/SLPP-hints-at-rally-to-rival-Anuradhapura-event/108-351296	en	dailymirrorlk	1790593737.0
lk_news	2026-09-28-dailymirrorlk-6e451219	dailymirrorlk-6e451219	2026-09-28	Fuel crisis looms Friday as tanker owners threaten to stop deliveries	https://www.dailymirror.lk/breaking-news/Fuel-crisis-looms-Friday-as-tanker-owners-threaten-to-stop-deliveries/108-351295	en	dailymirrorlk	1790593643.0
lk_news	2026-09-28-dailymirrorlk-d8cd7667	dailymirrorlk-d8cd7667	2026-09-28	Sri Lanka seeks to boost seafood exports to Russia	https://www.dailymirror.lk/breaking-news/Sri-Lanka-seeks-to-boost-seafood-exports-to-Russia/108-351294	en	dailymirrorlk	1790593535.0
lk_news	2026-09-28-dailymirrorlk-682bfedd	dailymirrorlk-682bfedd	2026-09-28	Sachin Tendulkar announces partnership with OpenAI, says exploring ChatGPT	https://www.dailymirror.lk/international/Sachin-Tendulkar-announces-partnership-with-OpenAI-says-exploring-ChatGPT/107-351290	en	dailymirrorlk	1790590078.0
lk_news	2026-09-28-dailymirrorlk-6b9d63c5	dailymirrorlk-6b9d63c5	2026-09-28	Namal Rajapaksa named as suspect in ’Krrish’ bribery investigation	https://www.dailymirror.lk/breaking-news/Namal-Rajapaksa-named-as-suspect-in-Krrish-bribery-investigation/108-351289	en	dailymirrorlk	1790589963.0
lk_news	2026-09-28-adalk-fa0e9dd0	adalk-fa0e9dd0	2026-09-28	රියදුරු වැරදි සඳහා ලකුණු අඩු කිරීමේ නියමු ව්‍යාපෘතිය ලබන මස ඇරඹේ	https://www.ada.lk/breaking_news/රියදුරු-වැරදි-සඳහා-ලකුණු-අඩු-කිරීමේ-නියමු-ව්‍යාපෘතිය-ලබන-මස-ඇරඹේ/11-424405	si	adalk	1790589956.0
lk_news	2026-09-28-dailymirrorlk-575c943c	dailymirrorlk-575c943c	2026-09-28	Congo’s Ebola infections cross 8,000, government says	https://www.dailymirror.lk/international/Congos-Ebola-infections-cross-8-000-government-says/107-351288	en	dailymirrorlk	1790589423.0
lk_news	2026-09-28-dailymirrorlk-837ee49b	dailymirrorlk-837ee49b	2026-09-28	‘Rabies control has become a racket’: AWC accuses Health Ministry of neglect	https://www.dailymirror.lk/breaking-news/Rabies-control-has-become-a-racket-AWC-accuses-Health-Ministry-of-neglect/108-351286	en	dailymirrorlk	1790588603.0
lk_news	2026-09-28-dailymirrorlk-cf460cd2	dailymirrorlk-cf460cd2	2026-09-28	Wrestler Benjamin Satterley, known as Pac, dies aged 40	https://www.dailymirror.lk/international/Wrestler-Benjamin-Satterley-known-as-Pac-dies-aged-40/107-351285	en	dailymirrorlk	1790588388.0
lk_news	2026-09-28-dailymirrorlk-e86d4132	dailymirrorlk-e86d4132	2026-09-28	BMI Group launches Ahasa TV	https://www.dailymirror.lk/caption-story/BMI-Group-launches-Ahasa-TV/110-351284	en	dailymirrorlk	1790588254.0
lk_news	2026-09-28-dailymirrorlk-86592ade	dailymirrorlk-86592ade	2026-09-28	Iran has no plans to negotiate with US: State media	https://www.dailymirror.lk/international/Iran-has-no-plans-to-negotiate-with-US-State-media/107-351283	en	dailymirrorlk	1790588253.0
lk_news	2026-09-28-dailymirrorlk-19554a9d	dailymirrorlk-19554a9d	2026-09-28	US, Sri Lanka strengthen nuclear smuggling detection capabilities	https://www.dailymirror.lk/breaking-news/US-Sri-Lanka-strengthen-nuclear-smuggling-detection-capabilities/108-351282	en	dailymirrorlk	1790588101.0
lk_news	2026-09-28-dailymirrorlk-22ba1cd3	dailymirrorlk-22ba1cd3	2026-09-28	22 A likely to become topic at European Round Table: Kavinda	https://www.dailymirror.lk/breaking-news/22-A-likely-to-become-topic-at-European-Round-Table-Kavinda/108-351278	en	dailymirrorlk	1790584420.0
lk_news	2026-09-28-dailymirrorlk-866236b6	dailymirrorlk-866236b6	2026-09-28	Warrant issued on Chamika Karunaratne for failure to appear before court	https://www.dailymirror.lk/breaking-news/Warrant-issued-on-Chamika-Karunaratne-for-failure-to-appear-before-court/108-351277	en	dailymirrorlk	1790584262.0
lk_news	2026-09-28-dailymirrorlk-f011307f	dailymirrorlk-f011307f	2026-09-28	Driver demerit points system pilot project to begin October 1	https://www.dailymirror.lk/breaking-news/Driver-demerit-points-system-pilot-project-to-begin-October-1/108-351276	en	dailymirrorlk	1790581092.0
lk_news	2026-09-28-dailymirrorlk-7cd5e17e	dailymirrorlk-7cd5e17e	2026-09-28	Drivers to face demerit points under new system from October	https://www.dailymirror.lk/breaking-news/Drivers-to-face-demerit-points-under-new-system-from-October/108-351276	en	dailymirrorlk	1790581092.0
lk_news	2026-09-28-dailymirrorlk-551c39cb	dailymirrorlk-551c39cb	2026-09-28	Tamil and Muslim MPs appeal to Saudi Arabia for clemency for Anojan Sivarasa	https://www.dailymirror.lk/breaking-news/Tamil-and-Muslim-MPs-appeal-to-Saudi-Arabia-for-clemency-for-Anojan-Sivarasa/108-351275	en	dailymirrorlk	1790580708.0
lk_news	2026-09-28-adalk-0647162e	adalk-0647162e	2026-09-28	ප්‍රභල අකුණු පිළිබඳ අවවාදාත්මක නිවේදනයක්	https://www.ada.lk/breaking_news/ප්‍රභල-අකුණු-පිළිබඳ-අවවාදාත්මක-නිවේදනයක්/11-424404	si	adalk	1790579993.0
lk_news	2026-09-28-dailymirrorlk-4c826256	dailymirrorlk-4c826256	2026-09-28	‘Riverstone’ selected as Sri Lanka’s entry for 2027 Oscars	https://www.dailymirror.lk/breaking-news/Riverstone-selected-as-Sri-Lankas-entry-for-2027-Oscars/108-351263	en	dailymirrorlk	1790578351.0
lk_news	2026-09-28-dailymirrorlk-d6af698d	dailymirrorlk-d6af698d	2026-09-28	Expressway could take 171 years to repay loans	https://www.dailymirror.lk/breaking-news/Expressway-could-take-171-years-to-repay-loans/108-351260	en	dailymirrorlk	1790578036.0
lk_news	2026-09-28-dailymirrorlk-fa79f292	dailymirrorlk-fa79f292	2026-09-28	’’Sri Lanka emerges as key contender for Indian ocean blue economy hub’’	https://www.dailymirror.lk/breaking-news/Sri-Lanka-emerges-as-key-contender-for-Indian-ocean-blue-economy-hub/108-351259	en	dailymirrorlk	1790576701.0
lk_news	2026-09-28-dailymirrorlk-56de2b1f	dailymirrorlk-56de2b1f	2026-09-28	Dengue cases surpass 100,000 in Sri Lanka	https://www.dailymirror.lk/breaking-news/Dengue-cases-surpass-100-000-in-Sri-Lanka/108-351258	en	dailymirrorlk	1790575449.0
lk_news	2026-09-28-dailymirrorlk-0185b996	dailymirrorlk-0185b996	2026-09-28	Ireland beat Israel but refuse handshakes due to war in Gaza	https://www.dailymirror.lk/international/Ireland-beat-Israel-but-refuse-handshakes-due-to-war-in-Gaza/107-351257	en	dailymirrorlk	1790575333.0
lk_news	2026-09-28-dailymirrorlk-7b1d4bbe	dailymirrorlk-7b1d4bbe	2026-09-28	Irregularities in tender process for purchasing body cameras for police	https://www.dailymirror.lk/breaking-news/Irregularities-in-tender-process-for-purchasing-body-cameras-for-police/108-351256	en	dailymirrorlk	1790574571.0
lk_news	2026-09-28-dailymirrorlk-adfc685a	dailymirrorlk-adfc685a	2026-09-28	Sri Lanka selling fuel lower than minimum international prices	https://www.dailymirror.lk/breaking-news/Sri-Lanka-selling-fuel-lower-than-minimum-international-prices/108-351255	en	dailymirrorlk	1790574090.0
lk_news	2026-09-28-dailymirrorlk-fdb4f3a2	dailymirrorlk-fdb4f3a2	2026-09-28	Yoshitha Rajapaksa, Daisy Forrest money laundering case fixed for pre-trial conference	https://www.dailymirror.lk/breaking-news/Yoshitha-Rajapaksa-Daisy-Forrest-money-laundering-case-fixed-for-pre-trial-conference/108-351254	en	dailymirrorlk	1790573456.0
lk_news	2026-09-28-adalk-bbdf9772	adalk-bbdf9772	2026-09-28	බදුල්ල මහනුවර දුම්රිය මේ වසර අගදී ධාවනයට	https://www.ada.lk/breaking_news/බදුල්ල-මහනුවර-දුම්රිය-මේ-වසර-අගදී-ධාවනයට/11-424402	si	adalk	1790571161.0
lk_news	2026-09-28-adalk-b1c2fd3b	adalk-b1c2fd3b	2026-09-28	ලක්ෂපාන දිය ඇල්ල ප්‍ර දේශය සංචාරක කලාපයක් කිරීමට	https://www.ada.lk/breaking_news/ලක්ෂපාන-දිය-ඇල්ල-ප්‍ර-දේශය-සංචාරක-කලාපයක්-කිරීමට/11-424401	si	adalk	1790570545.0
lk_news	2026-09-28-adalk-d9d0bba7	adalk-d9d0bba7	2026-09-28	ඇමති විජිත අද එක්සත් ජාතීන්ගේ සැසිවාරය අමතයි	https://www.ada.lk/breaking_news/ඇමති-විජිත-අද-එක්සත්-ජාතීන්ගේ-සැසිවාරය-අමතයි/11-424400	si	adalk	1790569754.0
lk_news	2026-09-28-dailymirrorlk-e3f30c60	dailymirrorlk-e3f30c60	2026-09-28	Oil heads higher as US-Iran peace talks in stalemate	https://www.dailymirror.lk/breaking-news/Oil-heads-higher-as-US-Iran-peace-talks-in-stalemate/108-351252	en	dailymirrorlk	1790568425.0
lk_news	2026-09-28-dailymirrorlk-55f3c591	dailymirrorlk-55f3c591	2026-09-28	Vijitha Herath to address UN General Assembly today	https://www.dailymirror.lk/breaking-news/Vijitha-Herath-to-address-UN-General-Assembly-today/108-351251	en	dailymirrorlk	1790568291.0
lk_news	2026-09-28-dailymirrorlk-f37f0a3d	dailymirrorlk-f37f0a3d	2026-09-28	Two brothers killed, mother injured in motorcycle crash	https://www.dailymirror.lk/breaking-news/Two-brothers-killed-mother-injured-in-motorcycle-crash/108-351250	en	dailymirrorlk	1790568112.0
lk_news	2026-09-28-adalk-16fcd442	adalk-16fcd442	2026-09-28	ලෝක සංචාරක දින සැමරුම් උත්සවය මෝහිණි ඇල්ල අසළදී	https://www.ada.lk/breaking_news/ලෝක-සංචාරක-දින-සැමරුම්-උත්සවය-මෝහිණි-ඇල්ල-අසළදී/11-424399	si	adalk	1790563529.0
lk_news	2026-09-28-adalk-d523bcdc	adalk-d523bcdc	2026-09-28	ඉන්ධන සහනාධාරයක් දෙන්න රු. කෝටි 4100ක්	https://www.ada.lk/breaking_news/ඉන්ධන-සහනාධාරයක්-දෙන්න-රු--කෝටි-4100ක්/11-424398	si	adalk	1790562485.0
lk_news	2026-09-28-dailymirrorlk-1b5264fd	dailymirrorlk-1b5264fd	2026-09-28	DS’s Astuteness, Delivered in JR’s Oratory: J. R. Spoke for Ceylon,  But Who Sent Him There?	https://www.dailymirror.lk/opinion/DSs-Astuteness-Delivered-in-JRs-Oratory-J-R-Spoke-for-Ceylon-But-Who-Sent-Him-There/172-351247	en	dailymirrorlk	1790559553.0
lk_news	2026-09-28-dailymirrorlk-0339ddb2	dailymirrorlk-0339ddb2	2026-09-28	Sri Lanka among world’s ten fastest improvers in WEF tourism index	https://www.dailymirror.lk/business-main/Sri-Lanka-among-worlds-ten-fastest-improvers-in-WEF-tourism-index/245-351245	en	dailymirrorlk	1790557979.0
lk_news	2026-09-28-adalk-e1a0a403	adalk-e1a0a403	2026-09-28	2D බාර්කෝඩ් තාක්ෂණය කරා ශ්‍රී ලංකාවේ පෙරළිකාර පිවිසුමක්	https://www.ada.lk/business/2D-බාර්කෝඩ්-තාක්ෂණය-කරා-ශ්‍රී-ලංකාවේ-පෙරළිකාර-පිවිසුමක්/7-424397	si	adalk	1790557823.0
lk_news	2026-09-28-adalk-ad189f11	adalk-ad189f11	2026-09-28	අඹේවෙල, අඹ රසැති යෝගට් වෙළෙඳපොළට හඳුන්වා දෙයි	https://www.ada.lk/business/අඹේවෙල--අඹ-රසැති-යෝගට්-වෙළෙඳපොළට-හඳුන්වා-දෙයි/7-424396	si	adalk	1790557745.0
lk_news	2026-09-28-dailymirrorlk-f4bdd5c6	dailymirrorlk-f4bdd5c6	2026-09-28	Thema Collection opens Deewara, plans silent-safari retreat to ease Yala crowding	https://www.dailymirror.lk/business-news/Thema-Collection-opens-Deewara-plans-silent-safari-retreat-to-ease-Yala-crowding/273-351244	en	dailymirrorlk	1790557682.0
lk_news	2026-09-28-dailymirrorlk-63389a9a	dailymirrorlk-63389a9a	2026-09-28	Govt. eyes AI platform to plug OTA commission leak from unregistered rooms	https://www.dailymirror.lk/business-news/Govt-eyes-AI-platform-to-plug-OTA-commission-leak-from-unregistered-rooms/273-351243	en	dailymirrorlk	1790557282.0
lk_news	2026-09-28-dailymirrorlk-57375e95	dailymirrorlk-57375e95	2026-09-28	CB carves top-rated foreign sovereigns out of large exposure limits as bank NFA rebuilds	https://www.dailymirror.lk/business-news/CB-carves-top-rated-foreign-sovereigns-out-of-large-exposure-limits-as-bank-NFA-rebuilds/273-351242	en	dailymirrorlk	1790557016.0
lk_news	2026-09-28-dailymirrorlk-ce0126da	dailymirrorlk-ce0126da	2026-09-28	TIN made mandatory for account opening, asset registration and share transfers from Nov. 1	https://www.dailymirror.lk/business-news/TIN-made-mandatory-for-account-opening-asset-registration-and-share-transfers-from-Nov-1/273-351241	en	dailymirrorlk	1790556936.0
lk_news	2026-09-28-dailymirrorlk-17651738	dailymirrorlk-17651738	2026-09-28	WindForce and Vidullanka eye Rs.1.5bn battery storage investment after successful bids	https://www.dailymirror.lk/business-news/WindForce-and-Vidullanka-eye-Rs-1-5bn-battery-storage-investment-after-successful-bids/273-351240	en	dailymirrorlk	1790556879.0
lk_news	2026-09-28-dailymirrorlk-b1d15847	dailymirrorlk-b1d15847	2026-09-28	CA Sri Lanka’s newly launched Forensic Accounting Faculty a timely national initiative, says IGP	https://www.dailymirror.lk/business-news/CA-Sri-Lankas-newly-launched-Forensic-Accounting-Faculty-a-timely-national-initiative-says-IGP/273-351239	en	dailymirrorlk	1790556813.0
lk_news	2026-09-28-dailymirrorlk-8c5f1598	dailymirrorlk-8c5f1598	2026-09-28	Ideal Motors secures multiple workplace excellence accolades	https://www.dailymirror.lk/business-news/Ideal-Motors-secures-multiple-workplace-excellence-accolades/273-351238	en	dailymirrorlk	1790556542.0
lk_news	2026-09-28-dailymirrorlk-e927b8f9	dailymirrorlk-e927b8f9	2026-09-28	Softlogic Life’s Sajeewa wins Rookie Insurance Agency Leader of the Year	https://www.dailymirror.lk/business-news/Softlogic-Lifes-Sajeewa-wins-Rookie-Insurance-Agency-Leader-of-the-Year/273-351237	en	dailymirrorlk	1790556404.0
lk_news	2026-09-28-dailymirrorlk-f2cc01f9	dailymirrorlk-f2cc01f9	2026-09-28	Ceylinco Life’s Manjula among 3 global finalists	https://www.dailymirror.lk/business-news/Ceylinco-Lifes-Manjula-among-3-global-finalists/273-351236	en	dailymirrorlk	1790555882.0
lk_news	2026-09-28-dailymirrorlk-bf57ac23	dailymirrorlk-bf57ac23	2026-09-28	Janashakthi Life marks 32 years of protecting lives and building trust	https://www.dailymirror.lk/business-news/Janashakthi-Life-marks-32-years-of-protecting-lives-and-building-trust/273-351235	en	dailymirrorlk	1790555492.0
lk_news	2026-09-28-dailymirrorlk-28ea11d4	dailymirrorlk-28ea11d4	2026-09-28	WYLD Global named as Google Premier Partner	https://www.dailymirror.lk/business-news/WYLD-Global-named-as-Google-Premier-Partner/273-351234	en	dailymirrorlk	1790555373.0
lk_news	2026-09-28-dailymirrorlk-ec310fb5	dailymirrorlk-ec310fb5	2026-09-28	DIMO Care Camp strengthens after-sales support for farming community	https://www.dailymirror.lk/business-news/DIMO-Care-Camp-strengthens-after-sales-support-for-farming-community/273-351233	en	dailymirrorlk	1790555230.0
lk_news	2026-09-28-dailymirrorlk-820a9727	dailymirrorlk-820a9727	2026-09-28	Sri Lanka’s NextGen of AI talent takes centre stage as ‘AI Week 2026’ kicks off	https://www.dailymirror.lk/business-news/Sri-Lankas-NextGen-of-AI-talent-takes-centre-stage-as-AI-Week-2026-kicks-off/273-351232	en	dailymirrorlk	1790554841.0
lk_news	2026-09-28-dailymirrorlk-38a3216e	dailymirrorlk-38a3216e	2026-09-28	DFCC Bank named SL’s Best Cash Management Bank for 2026	https://www.dailymirror.lk/business-news/DFCC-Bank-named-SLs-Best-Cash-Management-Bank-for-2026/273-351231	en	dailymirrorlk	1790554556.0
lk_news	2026-09-28-dailymirrorlk-0eb8cb74	dailymirrorlk-0eb8cb74	2026-09-28	Trust is the ultimate currency of every profession: Capital Maharaja Group CEO	https://www.dailymirror.lk/business-news/Trust-is-the-ultimate-currency-of-every-profession-Capital-Maharaja-Group-CEO/273-351230	en	dailymirrorlk	1790554367.0
lk_news	2026-09-28-dailymirrorlk-03b19993	dailymirrorlk-03b19993	2026-09-28	Storex Renewables partners with Sigenergy to respond to Sri Lanka’s solar policy shift	https://www.dailymirror.lk/business-news/Storex-Renewables-partners-with-Sigenergy-to-respond-to-Sri-Lankas-solar-policy-shift/273-351229	en	dailymirrorlk	1790554245.0
lk_news	2026-09-28-dailymirrorlk-d75c2ca6	dailymirrorlk-d75c2ca6	2026-09-28	Vallibel Finance opens new branches in A’pura city and Bakamuna	https://www.dailymirror.lk/business-news/Vallibel-Finance-opens-new-branches-in-Apura-city-and-Bakamuna/273-351228	en	dailymirrorlk	1790553808.0
lk_news	2026-09-28-dailyftlk-e1a8ccc3	dailyftlk-e1a8ccc3	2026-09-28	Shanakiyan raises Local Govt. crisis in Parliament, calls for better services, fairer taxes and greater powers	https://www.ft.lk/news/Shanakiyan-raises-Local-Govt-crisis-in-Parliament-calls-for-better-services-fairer-taxes-and-greater-powers/56-797857	en	dailyftlk	1790551453.0
lk_news	2026-09-28-dailyftlk-01bcba83	dailyftlk-01bcba83	2026-09-28	‘National Children’s Day Week’ from 25 September to 1 October	https://www.ft.lk/news/National-Children-s-Day-Week-from-25-September-to-1-October/56-797856	en	dailyftlk	1790551388.0
lk_news	2026-09-28-dailyftlk-3b5f09dd	dailyftlk-3b5f09dd	2026-09-28	No firm timeline  yet for electricity tariff cuts: Minister	https://www.ft.lk/business/No-firm-timeline-yet-for-electricity-tariff-cuts-Minister/34-797855	en	dailyftlk	1790551308.0
lk_news	2026-09-28-dailyftlk-aa463772	dailyftlk-aa463772	2026-09-28	Super agri-profit investors: Central Bank has no medicine for greed	https://www.ft.lk/columns/Super-agri-profit-investors-Central-Bank-has-no-medicine-for-greed/4-797834	en	dailyftlk	1790549279.0
lk_news	2026-09-28-dailyftlk-c45074ae	dailyftlk-c45074ae	2026-09-28	Sajith calls for urgent plan to successfully face worst weather and climate change	https://www.ft.lk/news/Sajith-calls-for-urgent-plan-to-successfully-face-worst-weather-and-climate-change/56-797833	en	dailyftlk	1790548691.0
lk_news	2026-09-28-dailyftlk-02006573	dailyftlk-02006573	2026-09-28	Kavanthissa: National treasure we must protect	https://www.ft.lk/columns/Kavanthissa-National-treasure-we-must-protect/4-797832	en	dailyftlk	1790548606.0
lk_news	2026-09-28-dailyftlk-40c04259	dailyftlk-40c04259	2026-09-28	Addressing drug shortages in Sri Lanka requires a radical approach	https://www.ft.lk/columns/Addressing-drug-shortages-in-Sri-Lanka-requires-a-radical-approach/4-797827	en	dailyftlk	1790547677.0
lk_news	2026-09-28-dailyftlk-51ce2551	dailyftlk-51ce2551	2026-09-28	From queues to competition: Why Sri Lanka must stay the course on fuel market reform	https://www.ft.lk/columns/From-queues-to-competition-Why-Sri-Lanka-must-stay-the-course-on-fuel-marketreform/4-797825	en	dailyftlk	1790547330.0
lk_news	2026-09-28-dailyftlk-73973cd7	dailyftlk-73973cd7	2026-09-28	Revised, not reformed: The PSTA Bill (2026) from an information integrity perspective	https://www.ft.lk/columns/Revised-not-reformed-The-PSTA-Bill-2026-from-an-information-integrity-perspective/4-797824	en	dailyftlk	1790546817.0
lk_news	2026-09-28-dailyftlk-07e5d76a	dailyftlk-07e5d76a	2026-09-28	Prevention of Terrorism Against the State Bill: Finally, progress	https://www.ft.lk/columns/Prevention-of-Terrorism-Against-the-State-Bill-Finally-progress/4-797823	en	dailyftlk	1790546507.0
lk_news	2026-09-28-dailyftlk-ada0c86e	dailyftlk-ada0c86e	2026-09-28	From factory floor to global buyer: SLCGE Design Hub could widen door for Sri Lanka’s apparel SMEs	https://www.ft.lk/columns/From-factory-floor-to-global-buyer-SLCGE-Design-Hub-could-widen-door-for-Sri-Lanka-s-apparel-SMEs/4-797822	en	dailyftlk	1790546187.0
lk_news	2026-09-27-dailymirrorlk-06bb482f	dailymirrorlk-06bb482f	2026-09-27	Champika Ranawaka cautions against Sri Lanka becoming part of geopolitical counter-alliance	https://www.dailymirror.lk/breaking-news/Champika-Ranawaka-cautions-against-Sri-Lanka-becoming-part-of-geopolitical-counter-alliance/108-351226	en	dailymirrorlk	1790525269.0
lk_news	2026-09-27-adalk-ca39bc29	adalk-ca39bc29	2026-09-27	පළාත් දෙකක හා දිස්ත්‍රික්ක 6ක හෙට උණුසුම වැඩිවෙයි	https://www.ada.lk/breaking_news/පළාත්-දෙකක-හා-දිස්ත්‍රික්ක-6ක-හෙට-උණුසුම-වැඩිවෙයි/11-424395	si	adalk	1790520254.0
lk_news	2026-09-27-dailymirrorlk-59e4e78d	dailymirrorlk-59e4e78d	2026-09-27	Tourists at Gangaramaya Temple on World Tourism Day	https://www.dailymirror.lk/caption-story/Tourists-at-Gangaramaya-Temple-on-World-Tourism-Day/110-351225	en	dailymirrorlk	1790517436.0
lk_news	2026-09-27-dailymirrorlk-02c5636a	dailymirrorlk-02c5636a	2026-09-27	President announces Rs. 41 Billion fuel subsidy for three months	https://www.dailymirror.lk/breaking-news/President-announces-Rs-41-Billion-fuel-subsidy-for-three-months/108-351224	en	dailymirrorlk	1790516105.0
lk_news	2026-09-27-dailymirrorlk-74e466f3	dailymirrorlk-74e466f3	2026-09-27	Sri Lanka among top 10 fastest-improving tourism destinations	https://www.dailymirror.lk/breaking-news/Sri-Lanka-among-top-10-fastest-improving-tourism-destinations/108-351223	en	dailymirrorlk	1790512216.0
lk_news	2026-09-27-adalk-36f64283	adalk-36f64283	2026-09-27	උතුරේදී ඇල්ලූ ධීවර යාත්‍රා වේ රු.මිලියන 1500ක මත්ද්‍රව්‍ය	https://www.ada.lk/breaking_news/උතුරේදී-ඇල්ලූ-ධීවර-යාත්‍රා-වේ-රු-මිලියන-1500ක-මත්ද්‍රව්‍ය/11-424394	si	adalk	1790504377.0
lk_news	2026-09-27-adalk-55579257	adalk-55579257	2026-09-27	වැසි සහ මිල පහත බැසීම් හේතුවෙන් මධ්‍යම එළවළු වගාකරුවෝ කබලෙන් ලිපට	https://www.ada.lk/breaking_news/වැසි-සහ-මිල-පහත-බැසීම්-හේතුවෙන්-මධ්‍යම-එළවළු-වගාකරුවෝ-කබලෙන්-ලිපට/11-424393	si	adalk	1790504016.0
lk_news	2026-09-27-dailymirrorlk-a8fdffe4	dailymirrorlk-a8fdffe4	2026-09-27	Two mass shootings in South Africa leave 27 dead	https://www.dailymirror.lk/international/Two-mass-shootings-in-South-Africa-leave-27-dead/107-351222	en	dailymirrorlk	1790502246.0
lk_news	2026-09-27-adalk-c129aa40	adalk-c129aa40	2026-09-27	බද්දේගම වෙඩි තැබීමකින් දෙදෙනෙක් මරුට	https://www.ada.lk/breaking_news/බද්දේගම-වෙඩි-තැබීමකින්-දෙදෙනෙක්-මරුට/11-424392	si	adalk	1790501536.0
lk_news	2026-09-27-dailymirrorlk-4b7b669c	dailymirrorlk-4b7b669c	2026-09-27	NMSJ urges lawmakers to avoid conflict of interest in proposed 22A	https://www.dailymirror.lk/breaking-news/NMSJ-urges-lawmakers-to-avoid-conflict-of-interest-in-proposed-22A/108-351221	en	dailymirrorlk	1790497882.0
lk_news	2026-09-27-adalk-bfe58bc6	adalk-bfe58bc6	2026-09-27	හල්තොට නිවසකට වෙඩි ප්‍රහාරයක්	https://www.ada.lk/breaking_news/හල්තොට-නිවසකට-වෙඩි-ප්‍රහාරයක්/11-424391	si	adalk	1790490046.0
lk_news	2026-09-27-adalk-a39c7f9d	adalk-a39c7f9d	2026-09-27	මත්ද්‍රව්‍ය රැගත් යාත්‍රාවක් නාවික හමුදා භාරයට	https://www.ada.lk/breaking_news/මත්ද්‍රව්‍ය-රැගත්-යාත්‍රාවක්-නාවික-හමුදා-භාරයට/11-424390	si	adalk	1790489686.0
lk_news	2026-09-27-dailymirrorlk-1be4ff91	dailymirrorlk-1be4ff91	2026-09-27	Sri Lanka explores hosting Miss Universe Pageant	https://www.dailymirror.lk/breaking-news/Sri-Lanka-explores-hosting-Miss-Universe-Pageant/108-351220	en	dailymirrorlk	1790489457.0
lk_news	2026-09-27-dailymirrorlk-065a195a	dailymirrorlk-065a195a	2026-09-27	Sri Lankan ruling party delegation to visit India, meet BJP leaders	https://www.dailymirror.lk/international/Sri-Lankan-ruling-party-delegation-to-visit-India-meet-BJP-leaders/107-351219	en	dailymirrorlk	1790488661.0
lk_news	2026-09-27-dailymirrorlk-fa7529ef	dailymirrorlk-fa7529ef	2026-09-27	Nor’easter brings flooding as New York and New Jersey declare emergency	https://www.dailymirror.lk/international/Noreaster-brings-flooding-as-New-York-and-New-Jersey-declare-emergency/107-351218	en	dailymirrorlk	1790488569.0
lk_news	2026-09-27-dailymirrorlk-a75d6b9f	dailymirrorlk-a75d6b9f	2026-09-27	104 new buses to join Western Province routes as police tighten bus lane enforcement	https://www.dailymirror.lk/breaking-news/104-new-buses-to-join-Western-Province-routes-as-police-tighten-bus-lane-enforcement/108-351217	en	dailymirrorlk	1790488130.0
lk_news	2026-09-27-dailymirrorlk-b63a1a3d	dailymirrorlk-b63a1a3d	2026-09-27	Thileepan statue installed in Nallur removed by police	https://www.dailymirror.lk/breaking-news/Thileepan-statue-installed-in-Nallur-removed-by-police/108-351216	en	dailymirrorlk	1790487988.0
lk_news	2026-09-27-dailymirrorlk-459316a6	dailymirrorlk-459316a6	2026-09-27	Two killed in Beddagama shooting	https://www.dailymirror.lk/breaking-news/Two-killed-in-Beddagama-shooting/108-351215	en	dailymirrorlk	1790487680.0
lk_news	2026-09-27-dailymirrorlk-afec7766	dailymirrorlk-afec7766	2026-09-27	Iran insists on diplomatic solution after Trump rejects peace plan	https://www.dailymirror.lk/international/Iran-insists-on-diplomatic-solution-after-Trump-rejects-peace-plan/107-351214	en	dailymirrorlk	1790487527.0
lk_news	2026-09-27-dailymirrorlk-dd950b67	dailymirrorlk-dd950b67	2026-09-27	Navy seizes heroin and ICE in Jaffna raid	https://www.dailymirror.lk/breaking-news/Navy-seizes-heroin-and-ICE-in-Jaffna-raid/108-351212	en	dailymirrorlk	1790480171.0
lk_news	2026-09-27-dailymirrorlk-96995fa6	dailymirrorlk-96995fa6	2026-09-27	Sri Lankan girl killed in crash as she walked to school in London	https://www.dailymirror.lk/breaking-news/Sri-Lankan-girl-killed-in-crash-as-she-walked-to-school-in-London/108-351211	en	dailymirrorlk	1790478923.0
lk_news	2026-09-27-adalk-79d39b85	adalk-79d39b85	2026-09-27	ඉරානයේ යෝජනාව ට්‍රම්ප් ප්‍රතික්ෂේප කරයි	https://www.ada.lk/breaking_news/ඉරානයේ-යෝජනාව-ට්‍රම්ප්-ප්‍රතික්ෂේප-කරයි/11-424389	si	adalk	1790478411.0
lk_news	2026-09-27-adalk-de4e6f1c	adalk-de4e6f1c	2026-09-27	සතොස භාණ්ඩ හයක මිල පහළට	https://www.ada.lk/breaking_news/සතොස-භාණ්ඩ-හයක-මිල-පහළට/11-424388	si	adalk	1790477977.0
lk_news	2026-09-27-dailymirrorlk-072461b0	dailymirrorlk-072461b0	2026-09-27	England change ODI squad before Sri Lanka decider	https://www.dailymirror.lk/breaking-news/England-change-ODI-squad-before-Sri-Lanka-decider/108-351210	en	dailymirrorlk	1790469094.0
lk_news	2026-09-26-dailymirrorlk-e80e52dc	dailymirrorlk-e80e52dc	2026-09-26	36-year-old dies following gas cylinder explosion at Polonnaruwa Kidney Hospital	https://www.dailymirror.lk/breaking-news/36-year-old-dies-following-gas-cylinder-explosion-at-Polonnaruwa-Kidney-Hospital/108-351209	en	dailymirrorlk	1790436382.0
lk_news	2026-09-26-dailymirrorlk-3c0b4d70	dailymirrorlk-3c0b4d70	2026-09-26	44 kg of hashish, 13 kg of cocaine destined for Sri Lanka seized at Toronto Airport	https://www.dailymirror.lk/breaking-news/44-kg-of-hashish-13-kg-of-cocaine-destined-for-Sri-Lanka-seized-at-Toronto-Airport/108-351208	en	dailymirrorlk	1790435094.0
lk_news	2026-09-26-adalk-db06ab04	adalk-db06ab04	2026-09-26	වාහන සීස් කිරිම ගැන පොලිසියෙන් දැනුම් දීමක්	https://www.ada.lk/breaking_news/වාහන-සීස්-කිරිම-ගැන-පොලිසියෙන්-දැනුම්-දීමක්/11-424387	si	adalk	1790430923.0
lk_news	2026-09-26-dailymirrorlk-e4d217a5	dailymirrorlk-e4d217a5	2026-09-26	Police warn leasing firms over unlawful seizures	https://www.dailymirror.lk/breaking-news/Police-warn-leasing-firms-over-unlawful-seizures/108-351205	en	dailymirrorlk	1790428310.0
lk_news	2026-09-26-dailymirrorlk-4bfa1d04	dailymirrorlk-4bfa1d04	2026-09-26	Regulation or control? NGO Bill puts civic space under scrutiny: TPA’s Barath	https://www.dailymirror.lk/breaking-news/Regulation-or-control-NGO-Bill-puts-civic-space-under-scrutiny-TPAs-Barath/108-351199	en	dailymirrorlk	1790426358.0
lk_news	2026-09-26-adalk-e89256d8	adalk-e89256d8	2026-09-26	සතියක් තුළ හෝමූස් විවෘත කරන්න ඉරානයෙන් ඇමෙරිකාවට යෝජනාවක්	https://www.ada.lk/breaking_news/සතියක්-තුළ-හෝමූස්-විවෘත-කරන්න-ඉරානයෙන්-ඇමෙරිකාවට-යෝජනාවක්/11-424386	si	adalk	1790423749.0
lk_news	2026-09-26-dailymirrorlk-b657bdf6	dailymirrorlk-b657bdf6	2026-09-26	No move to curtail rooftop solar: Energy Minister	https://www.dailymirror.lk/breaking-news/No-move-to-curtail-rooftop-solar-Energy-Minister/108-351198	en	dailymirrorlk	1790417952.0
lk_news	2026-09-26-dailymirrorlk-cc3d7aed	dailymirrorlk-cc3d7aed	2026-09-26	SJB mulls no-confidence motion against Speaker	https://www.dailymirror.lk/breaking-news/SJB-mulls-no-confidence-motion-against-Speaker/108-351197	en	dailymirrorlk	1790411407.0
lk_news	2026-09-26-adalk-8c97fb5b	adalk-8c97fb5b	2026-09-26	එජා සමුළුවට මෙවර විජිතගේ නායකත්වයෙන් යුත් කණ්ඩායමක්	https://www.ada.lk/breaking_news/එජා-සමුළුවට-මෙවර-විජිතගේ-නායකත්වයෙන්-යුත්-කණ්ඩායමක්/11-424385	si	adalk	1790406273.0
lk_news	2026-09-26-adalk-84a8f943	adalk-84a8f943	2026-09-26	සාපෙළ නැවත සමීක්ෂණ ප්‍රතිඵල නිකුත් කරයි	https://www.ada.lk/breaking_news/සාපෙළ-නැවත-සමීක්ෂණ-ප්‍රතිඵල-නිකුත්-කරයි/11-424384	si	adalk	1790403254.0
lk_news	2026-09-26-adalk-07842086	adalk-07842086	2026-09-26	මුහුදු රළ ගොඩබිමට ආ හැකි බව කාලගුණ විද්‍යා දෙපාර්තමේන්තුව කියයි	https://www.ada.lk/breaking_news/මුහුදු-රළ-ගොඩබිමට-ආ-හැකි-බව-කාලගුණ-විද්‍යා-දෙපාර්තමේන්තුව-කියයි/11-424383	si	adalk	1790402780.0
lk_news	2026-09-26-dailymirrorlk-86a14f61	dailymirrorlk-86a14f61	2026-09-26	GCE O/L rescrutiny results released	https://www.dailymirror.lk/breaking-news/GCE-OL-rescrutiny-results-released/108-351196	en	dailymirrorlk	1790401511.0
lk_news	2026-09-26-dailymirrorlk-7ffc40b8	dailymirrorlk-7ffc40b8	2026-09-26	High waves, sea inundation warning issued for Southern coastal areas	https://www.dailymirror.lk/breaking-news/High-waves-sea-inundation-warning-issued-for-Southern-coastal-areas/108-351192	en	dailymirrorlk	1790397933.0
lk_news	2026-09-26-dailymirrorlk-32b211f2	dailymirrorlk-32b211f2	2026-09-26	Iran offers US deal to reopen Strait of Hormuz in seven days	https://www.dailymirror.lk/international/Iran-offers-US-deal-to-reopen-Strait-of-Hormuz-in-seven-days/107-351191	en	dailymirrorlk	1790396991.0
lk_news	2026-09-26-dailymirrorlk-6766c835	dailymirrorlk-6766c835	2026-09-26	Whither UN  sanctity when Trump and Netanyahu take the podium?	https://www.dailymirror.lk/opinion/Whither-UN-sanctity-when-Trump-and-Netanyahu-take-the-podium/172-351189	en	dailymirrorlk	1790396656.0
lk_news	2026-09-26-dailymirrorlk-60b99602	dailymirrorlk-60b99602	2026-09-26	Plane crash in DR Congo killes 14 including senior military officials	https://www.dailymirror.lk/breaking-news/Plane-crash-in-DR-Congo-killes-14-including-senior-military-officials/108-351188	en	dailymirrorlk	1790396437.0
lk_news	2026-09-26-dailymirrorlk-5b8e34ab	dailymirrorlk-5b8e34ab	2026-09-26	Easter massacre – after seven years, the mystery continues	https://www.dailymirror.lk/opinion/Easter-massacre-after-seven-years-the-mystery-continues/172-351187	en	dailymirrorlk	1790395604.0
lk_news	2026-09-26-dailymirrorlk-790e6509	dailymirrorlk-790e6509	2026-09-26	The pros and cons of mandatory seat belt law	https://www.dailymirror.lk/opinion/The-pros-and-cons-of-mandatory-seat-belt-law/172-351186	en	dailymirrorlk	1790395412.0
lk_news	2026-09-26-dailymirrorlk-06aa0a22	dailymirrorlk-06aa0a22	2026-09-26	Seven injured in gas cylinder explosion at Polonnaruwa Nephrology Hospital	https://www.dailymirror.lk/breaking-news/Seven-injured-in-gas-cylinder-explosion-at-Polonnaruwa-Nephrology-Hospital/108-351184	en	dailymirrorlk	1790390172.0
lk_news	2026-09-26-adalk-284f7bed	adalk-284f7bed	2026-09-26	අත්බෝම්බයක් එල්ල කර දරුවන් දෙදෙනෙක් ඝාතනය කිරිමට තවත් දෙන්නෙක් අල්ලයි	https://www.ada.lk/breaking_news/අත්බෝම්බයක්-එල්ල-කර-දරුවන්-දෙදෙනෙක්-ඝාතනය-කිරිමට-තවත්-දෙන්නෙක්-අල්ලයි/11-424381	si	adalk	1790390060.0
lk_news	2026-09-26-dailymirrorlk-8cdad073	dailymirrorlk-8cdad073	2026-09-26	Flood warnings extended for Gin and Nilwala river basins	https://www.dailymirror.lk/breaking-news/Flood-warnings-extended-for-Gin-and-Nilwala-river-basins/108-351183	en	dailymirrorlk	1790388825.0
lk_news	2026-09-26-dailymirrorlk-80825092	dailymirrorlk-80825092	2026-09-26	Showers forecast in several areas today	https://www.dailymirror.lk/breaking-news/Showers-forecast-in-several-areas-today/108-351182	en	dailymirrorlk	1790388008.0
lk_news	2026-09-26-adalk-1219a35c	adalk-1219a35c	2026-09-26	පොලොන්නරුව වකුගඩු රෝහලේ ගෑස් සිලින්ඩරයක් පිපිරි හතක් රෝහලට	https://www.ada.lk/breaking_news/පොලොන්නරුව-වකුගඩු-රෝහලේ-ගෑස්-සිලින්ඩරයක්-පිපිරි-හතක්-රෝහලට/11-424380	si	adalk	1790387512.0
lk_news	2026-09-25-dailyftlk-1f136eaa	dailyftlk-1f136eaa	2026-09-25	Sajith says 22nd Amendment creating ‘black present’	https://www.ft.lk/news/Sajith-says-22nd-Amendment-creating-black-present/56-797797	en	dailyftlk	1790360520.0
lk_news	2026-09-25-dailyftlk-ee08dc7c	dailyftlk-ee08dc7c	2026-09-25	ITAK votes on principle, heads held high: Shanakiyan	https://www.ft.lk/news/ITAK-votes-on-principle-heads-held-high-Shanakiyan/56-797796	en	dailyftlk	1790360477.0
lk_news	2026-09-25-dailyftlk-179fee40	dailyftlk-179fee40	2026-09-25	NCE Council flags export challenges	https://www.ft.lk/business/NCE-Council-flags-export-challenges/34-797795	en	dailyftlk	1790360411.0
lk_news	2026-09-25-dailyftlk-a0943913	dailyftlk-a0943913	2026-09-25	Sustainable Development Goals flag raised	https://www.ft.lk/business/Sustainable-Development-Goals-flag-raised/34-797794	en	dailyftlk	1790360370.0
lk_news	2026-09-25-dailyftlk-7d6e7d8e	dailyftlk-7d6e7d8e	2026-09-25	Amana Bank strengthens footprint with 49th Self Banking Centre in Eravur Pattu	https://www.ft.lk/business/Amana-Bank-strengthens-footprint-with-49th-Self-Banking-Centre-in-Eravur-Pattu/34-797793	en	dailyftlk	1790360336.0
lk_news	2026-09-25-dailyftlk-6f0fa7d3	dailyftlk-6f0fa7d3	2026-09-25	New IPS publication puts spotlight on agrifood sector	https://www.ft.lk/business/New-IPS-publication-puts-spotlight-on-agrifood-sector/34-797792	en	dailyftlk	1790360294.0
lk_news	2026-09-25-dailyftlk-9593f2c8	dailyftlk-9593f2c8	2026-09-25	Sri Lanka and Indonesia conclude inaugural political consultations opening new chapter of bilateral ties	https://www.ft.lk/news/Sri-Lanka-and-Indonesia-conclude-inaugural-political-consultations-opening-new-chapter-of-bilateral-ties/56-797791	en	dailyftlk	1790360134.0
lk_news	2026-09-25-dailyftlk-d7914cc3	dailyftlk-d7914cc3	2026-09-25	Sri Lanka strengthens presence in Georgia with appointment of two Honorary Consuls	https://www.ft.lk/news/Sri-Lanka-strengthens-presence-in-Georgia-with-appointment-of-two-Honorary-Consuls/56-797790	en	dailyftlk	1790360098.0
lk_news	2026-09-25-dailyftlk-9877a9ca	dailyftlk-9877a9ca	2026-09-25	BASL and WNPS sign MoU to strengthen environmental protection and enforcement	https://www.ft.lk/news/BASL-and-WNPS-sign-MoU-to-strengthen-environmental-protection-and-enforcement/56-797789	en	dailyftlk	1790360053.0
lk_news	2026-09-25-dailyftlk-cb7c7006	dailyftlk-cb7c7006	2026-09-25	Narcotics control agencies  of India and Sri Lanka hold talks	https://www.ft.lk/news/Narcotics-control-agencies-of-India-and-Sri-Lanka-hold-talks/56-797788	en	dailyftlk	1790360014.0
lk_news	2026-09-25-dailyftlk-e1473b59	dailyftlk-e1473b59	2026-09-25	Late Lankan elephant Vishva Mali on permanent display at Philippine National Museum	https://www.ft.lk/news/Late-Lankan-elephant-Vishva-Mali-on-permanent-display-at-Philippine-National-Museum/56-797787	en	dailyftlk	1790359971.0
lk_news	2026-09-25-dailyftlk-01564d3c	dailyftlk-01564d3c	2026-09-25	NPP after two years: System change – or change of system?	https://www.ft.lk/columns/NPP-after-two-years-System-change-or-change-of-system/4-797786	en	dailyftlk	1790359912.0
lk_news	2026-09-25-dailyftlk-0a58c202	dailyftlk-0a58c202	2026-09-25	Deciphering NPP’s mandate	https://www.ft.lk/columns/Deciphering-NPP-s-mandate/4-797770	en	dailyftlk	1790358622.0
lk_news	2026-09-25-dailyftlk-537e2437	dailyftlk-537e2437	2026-09-25	‘Revised’ Protection of State from the Terrorism Bill: What’s changed and what remains	https://www.ft.lk/columns/Revised-Protection-of-State-from-the-Terrorism-Bill-What-s-changed-and-what-remains/4-797767	en	dailyftlk	1790357075.0
lk_news	2026-09-25-dailyftlk-e783579d	dailyftlk-e783579d	2026-09-25	Saving Anojan: Saudi law, mercy and responsibility of diplomacy	https://www.ft.lk/columns/Saving-Anojan-Saudi-law-mercy-and-responsibility-of-diplomacy/4-797766	en	dailyftlk	1790356901.0
lk_news	2026-09-25-dailyftlk-65094842	dailyftlk-65094842	2026-09-25	Cost of online vigilantism: Tragic tale  of vendor, dog Supramaniam and Anojan	https://www.ft.lk/opinion/Cost-of-online-vigilantism-Tragic-tale-of-vendor-dog-Supramaniam-and-Anojan/14-797765	en	dailyftlk	1790356727.0
lk_news	2026-09-25-adalk-89f41610	adalk-89f41610	2026-09-25	22ට කථානායක සහතිකය, අද සිටම බලාත්මකයි	https://www.ada.lk/breaking_news/22ට-කථානායක-සහතිකය--අද-සිටම-බලාත්මකයි/11-424379	si	adalk	1790351529.0
lk_news	2026-09-25-adalk-fbdae197	adalk-fbdae197	2026-09-25	22  විශේෂ බහුතර ඡන්දයෙන්  සම්මත කෙරේ	https://www.ada.lk/breaking_news/22--විශේෂ-බහුතර-ඡන්දයෙන්--සම්මත-කෙරේ/11-424378	si	adalk	1790350970.0
lk_news	2026-09-25-dailymirrorlk-f33150c8	dailymirrorlk-f33150c8	2026-09-25	Speaker endorses 22 Amendment	https://www.dailymirror.lk/breaking-news/Speaker-endorses-22-Amendment/108-351180	en	dailymirrorlk	1790350097.0
lk_news	2026-09-25-dailymirrorlk-f4c7181f	dailymirrorlk-f4c7181f	2026-09-25	Judicature Amendment Bill approved by Parliament	https://www.dailymirror.lk/breaking-news/Judicature-Amendment-Bill-approved-by-Parliament/108-351179	en	dailymirrorlk	1790350018.0
lk_news	2026-09-25-dailymirrorlk-663f07de	dailymirrorlk-663f07de	2026-09-25	Lanka Sathosa reduces prices of six essential food items	https://www.dailymirror.lk/breaking-news/Lanka-Sathosa-reduces-prices-of-six-essential-food-items/108-351178	en	dailymirrorlk	1790347510.0
lk_news	2026-09-25-dailymirrorlk-fb715638	dailymirrorlk-fb715638	2026-09-25	64% of pre-schoolers get 30+ minutes of daily screen time in SL, raising concerns - Survey	https://www.dailymirror.lk/breaking-news/64-of-pre-schoolers-get-30-minutes-of-daily-screen-time-in-SL-raising-concerns-Survey/108-351177	en	dailymirrorlk	1790347378.0
lk_news	2026-09-25-dailymirrorlk-2ee9e50e	dailymirrorlk-2ee9e50e	2026-09-25	Counsellors warn of growing sexual withdrawal among married men	https://www.dailymirror.lk/breaking-news/Counsellors-warn-of-growing-sexual-withdrawal-among-married-men/108-351176	en	dailymirrorlk	1790346956.0
lk_news	2026-09-25-dailymirrorlk-ff1adc82	dailymirrorlk-ff1adc82	2026-09-25	Northern Sea, Arabian Sea used as key drug smuggling routes to Sri Lanka	https://www.dailymirror.lk/breaking-news/Northern-Sea-Arabian-Sea-used-as-key-drug-smuggling-routes-to-Sri-Lanka/108-351175	en	dailymirrorlk	1790346728.0
lk_news	2026-09-25-dailymirrorlk-672e4963	dailymirrorlk-672e4963	2026-09-25	Anti-rabies drive: 1.7 million dogs vaccinated last year	https://www.dailymirror.lk/breaking-news/Anti-rabies-drive-1-7-million-dogs-vaccinated-last-year/108-351174	en	dailymirrorlk	1790346501.0
lk_news	2026-09-25-dailymirrorlk-3ca156c7	dailymirrorlk-3ca156c7	2026-09-25	Parliament approves third reading of 22A	https://www.dailymirror.lk/breaking-news/Parliament-approves-third-reading-of-22A/108-351173	en	dailymirrorlk	1790346022.0
lk_news	2026-09-25-dailymirrorlk-c393e795	dailymirrorlk-c393e795	2026-09-25	I only meant a ‘division in society’, Bimal says later in verbal clash with Dayasiri	https://www.dailymirror.lk/breaking-news/I-only-meant-a-division-in-society-Bimal-says-later-in-verbal-clash-with-Dayasiri/108-351172	en	dailymirrorlk	1790345962.0
lk_news	2026-09-25-dailymirrorlk-e9ad94ba	dailymirrorlk-e9ad94ba	2026-09-25	Only fractional division in government over 22A – Bimal admits	https://www.dailymirror.lk/breaking-news/Only-fractional-division-in-government-over-22A-Bimal-admits/108-351171	en	dailymirrorlk	1790345699.0
lk_news	2026-09-25-dailymirrorlk-45c10dc4	dailymirrorlk-45c10dc4	2026-09-25	22nd Amendment to the Constitution: Arguments for and against	https://www.dailymirror.lk/breaking-news/22nd-Amendment-to-the-Constitution-Arguments-for-and-against/108-351170	en	dailymirrorlk	1790345491.0
lk_news	2026-09-25-dailymirrorlk-d6bed026	dailymirrorlk-d6bed026	2026-09-25	Parliament approves second reading of 22A	https://www.dailymirror.lk/breaking-news/Parliament-approves-second-reading-of-22A/108-351169	en	dailymirrorlk	1790344707.0
lk_news	2026-09-25-dailymirrorlk-e8d24a0f	dailymirrorlk-e8d24a0f	2026-09-25	China’s 77th National Day celebrated in Colombo	https://www.dailymirror.lk/caption-story/Chinas-77th-National-Day-celebrated-in-Colombo/110-351168	en	dailymirrorlk	1790344233.0
lk_news	2026-09-25-dailymirrorlk-9a517d6d	dailymirrorlk-9a517d6d	2026-09-25	A few Opposition MPs will support 22A: Chief Government Whip	https://www.dailymirror.lk/breaking-news/A-few-Opposition-MPs-will-support-22A-Chief-Government-Whip/108-351167	en	dailymirrorlk	1790343921.0
lk_news	2026-09-25-dailymirrorlk-1002370f	dailymirrorlk-1002370f	2026-09-25	Red landslide warnings issued for several districts	https://www.dailymirror.lk/breaking-news/Red-landslide-warnings-issued-for-several-districts/108-351166	en	dailymirrorlk	1790341522.0
lk_news	2026-09-25-dailymirrorlk-a34ef285	dailymirrorlk-a34ef285	2026-09-25	IATAK could have approved 22A if it was part of new Constitution	https://www.dailymirror.lk/breaking-news/IATAK-could-have-approved-22A-if-it-was-part-of-new-Constitution/108-351165	en	dailymirrorlk	1790339139.0
lk_news	2026-09-25-dailymirrorlk-0a76a7fc	dailymirrorlk-0a76a7fc	2026-09-25	ITAK could have approved 22A if it was part of new Constitution	https://www.dailymirror.lk/breaking-news/ITAK-could-have-approved-22A-if-it-was-part-of-new-Constitution/108-351165	en	dailymirrorlk	1790339139.0
lk_news	2026-09-25-dailymirrorlk-d62fda50	dailymirrorlk-d62fda50	2026-09-25	Chamara Sampath’s ex-private secretary further remanded	https://www.dailymirror.lk/breaking-news/Chamara-Sampaths-ex-private-secretary-further-remanded/108-351164	en	dailymirrorlk	1790338546.0
lk_news	2026-09-25-dailymirrorlk-2cbb51d9	dailymirrorlk-2cbb51d9	2026-09-25	Zelensky says Trump has made ‘final decision’ to allow Kyiv to make Patriot missiles	https://www.dailymirror.lk/international/Zelensky-says-Trump-has-made-final-decision-to-allow-Kyiv-to-make-Patriot-missiles/107-351163	en	dailymirrorlk	1790338453.0
lk_news	2026-09-25-dailymirrorlk-e05f9c97	dailymirrorlk-e05f9c97	2026-09-25	Ex-Deputy Minister Sarana Gunawardena’s wife remanded	https://www.dailymirror.lk/breaking-news/Ex-Deputy-Minister-Sarana-Gunawardenas-wife-remanded/108-351156	en	dailymirrorlk	1790335004.0
lk_news	2026-09-25-adalk-72f51463	adalk-72f51463	2026-09-25	තවත් වනාන්තර 20ක් රක්ෂිත ලෙස ගැසට් කරයි	https://www.ada.lk/breaking_news/තවත්-වනාන්තර-20ක්-රක්ෂිත-ලෙස-ගැසට්-කරයි/11-424377	si	adalk	1790334585.0
lk_news	2026-09-25-dailymirrorlk-e5d2bdb3	dailymirrorlk-e5d2bdb3	2026-09-25	Saudi Arabia allies line up support as Houthi attacks mount	https://www.dailymirror.lk/international/Saudi-Arabia-allies-line-up-support-as-Houthi-attacks-mount/107-351155	en	dailymirrorlk	1790334247.0
lk_news	2026-09-25-adalk-537589e3	adalk-537589e3	2026-09-25	නොවැම්බර් 01 දා සිට ටින් අංකයක් අනිවාර්ය වන කටයුතු	https://www.ada.lk/breaking_news/නොවැම්බර්-01-දා-සිට-ටින්-අංකයක්-අනිවාර්ය-වන-කටයුතු/11-424376	si	adalk	1790333907.0
lk_news	2026-09-25-dailymirrorlk-75a0bc39	dailymirrorlk-75a0bc39	2026-09-25	Former Minister’s ex-private secretary further remanded	https://www.dailymirror.lk/breaking-news/Former-Ministers-ex-private-secretary-further-remanded/108-351154	en	dailymirrorlk	1790331810.0
lk_news	2026-09-25-adalk-3349f0be	adalk-3349f0be	2026-09-25	2025න් අවසන් මූල්‍ය වර්ෂයේ ශ්‍රී ලන්කන් අලාභය රු.බි. 7.6	https://www.ada.lk/breaking_news/2025න්-අවසන්-මූල්‍ය-වර්ෂයේ-ශ්‍රී-ලන්කන්-අලාභය-රු-බි--7-6/11-424375	si	adalk	1790330061.0
lk_news	2026-09-25-dailymirrorlk-3977d69c	dailymirrorlk-3977d69c	2026-09-25	Sarana Gunawardena’s wife arrested over Rs. 50,000 bribe	https://www.dailymirror.lk/breaking-news/Sarana-Gunawardenas-wife-arrested-over-Rs-50-000-bribe/108-351153	en	dailymirrorlk	1790329604.0
lk_news	2026-09-25-adalk-c71a911b	adalk-c71a911b	2026-09-25	හිටපු නියෝජ්‍ය ඇමති සරණ ගුණවර්ධනගේ බිරිඳ අත්අඩංගුවට	https://www.ada.lk/breaking_news/හිටපු-නියෝජ්‍ය-ඇමති-සරණ-ගුණවර්ධනගේ-බිරිඳ-අත්අඩංගුවට/11-424374	si	adalk	1790329598.0
lk_news	2026-09-25-dailymirrorlk-4a4fc4ac	dailymirrorlk-4a4fc4ac	2026-09-25	‘Source of anxiety’: Pakistan cracks down before march to free Imran Khan	https://www.dailymirror.lk/international/Source-of-anxiety-Pakistan-cracks-down-before-march-to-free-Imran-Khan/107-351152	en	dailymirrorlk	1790329478.0
lk_news	2026-09-25-adalk-3b702455	adalk-3b702455	2026-09-25	22ට ආණ්ඩුවට සුළු බෙදීමක් තිබෙනවා	https://www.ada.lk/breaking_news/22ට-ආණ්ඩුවට-සුළු-බෙදීමක්-තිබෙනවා/11-424373	si	adalk	1790327949.0
lk_news	2026-09-25-dailymirrorlk-78f2d503	dailymirrorlk-78f2d503	2026-09-25	India to make fastest-ever bullet train to match Japan’s E10	https://www.dailymirror.lk/international/India-to-make-fastest-ever-bullet-train-to-match-Japans-E10/107-351149	en	dailymirrorlk	1790327862.0
lk_news	2026-09-25-adalk-61b46405	adalk-61b46405	2026-09-25	මාවුස්සාකැලේ වාන් දොරටු තුනම විවෘත කෙරේ	https://www.ada.lk/breaking_news/මාවුස්සාකැලේ-වාන්-දොරටු-තුනම-විවෘත-කෙරේ/11-424372	si	adalk	1790326901.0
lk_news	2026-09-25-dailymirrorlk-327402c6	dailymirrorlk-327402c6	2026-09-25	Former Buddhasasana Ministry Secretary arrested over Rs. 4.7 Mn corruption case	https://www.dailymirror.lk/breaking-news/Former-Buddhasasana-Ministry-Secretary-arrested-over-Rs-4-7-Mn-corruption-case/108-351148	en	dailymirrorlk	1790326834.0
lk_news	2026-09-25-dailymirrorlk-3b3bae04	dailymirrorlk-3b3bae04	2026-09-25	Navy seizes drugs worth over Rs. 55 Billion this year	https://www.dailymirror.lk/breaking-news/Navy-seizes-drugs-worth-over-Rs-55-Billion-this-year/108-351144	en	dailymirrorlk	1790326434.0
lk_news	2026-09-25-dailymirrorlk-2acecd5e	dailymirrorlk-2acecd5e	2026-09-25	Indian High Commissioner meets Ranil Wickremesinghe	https://www.dailymirror.lk/breaking-news/Indian-High-Commissioner-meets-Ranil-Wickremesinghe/108-351143	en	dailymirrorlk	1790326140.0
lk_news	2026-09-25-dailymirrorlk-2797b894	dailymirrorlk-2797b894	2026-09-25	WHEN SILENCE STOPS BEING SAFE	https://www.dailymirror.lk/opinion/WHEN-SILENCE-STOPS-BEING-SAFE/231-351142	en	dailymirrorlk	1790325775.0
lk_news	2026-09-25-dailymirrorlk-35b9ce7d	dailymirrorlk-35b9ce7d	2026-09-25	SLAAA receives ICAO TRAINAIR PLUS Silver Membership plaque	https://www.dailymirror.lk/business/SLAAA-receives-ICAO-TRAINAIR-PLUS-Silver-Membership-plaque/215-351141	en	dailymirrorlk	1790325461.0
lk_news	2026-09-25-dailymirrorlk-a2fbb832	dailymirrorlk-a2fbb832	2026-09-25	20 more forests to be gazetted as reserves tomorrow	https://www.dailymirror.lk/breaking-news/20-more-forests-to-be-gazetted-as-reserves-tomorrow/108-351140	en	dailymirrorlk	1790325031.0
lk_news	2026-09-25-dailymirrorlk-b1aa2acf	dailymirrorlk-b1aa2acf	2026-09-25	TIN certificate mandatory for key transactions from November 1	https://www.dailymirror.lk/breaking-news/TIN-certificate-mandatory-for-key-transactions-from-November-1/108-351139	en	dailymirrorlk	1790324632.0
lk_news	2026-09-25-dailymirrorlk-bc33d440	dailymirrorlk-bc33d440	2026-09-25	Ex-Lanka Mineral Sands Chairman arrested over alleged corruption	https://www.dailymirror.lk/breaking-news/Ex-Lanka-Mineral-Sands-Chairman-arrested-over-alleged-corruption/108-351138	en	dailymirrorlk	1790323787.0
lk_news	2026-09-25-dailymirrorlk-c405fcc5	dailymirrorlk-c405fcc5	2026-09-25	Colombo International Book Fair opens at BMICH	https://www.dailymirror.lk/caption-story/Colombo-International-Book-Fair-opens-at-BMICH/110-351135	en	dailymirrorlk	1790321006.0
lk_news	2026-09-25-dailymirrorlk-79bee362	dailymirrorlk-79bee362	2026-09-25	Courts go paperless as e-filing launched	https://www.dailymirror.lk/breaking-news/Courts-go-paperless-as-e-filing-launched/108-351133	en	dailymirrorlk	1790320277.0
lk_news	2026-09-25-dailymirrorlk-370fae9f	dailymirrorlk-370fae9f	2026-09-25	Solar sector at risk, Chamber of Commerce tells president	https://www.dailymirror.lk/breaking-news/Solar-sector-at-risk-Chamber-of-Commerce-tells-president/108-351130	en	dailymirrorlk	1790318447.0
lk_news	2026-09-25-dailymirrorlk-a16a1790	dailymirrorlk-a16a1790	2026-09-25	Sri Lanka producing tech graduates faster than it creates jobs for them, warns Bingumal	https://www.dailymirror.lk/business/Sri-Lanka-producing-tech-graduates-faster-than-it-creates-jobs-for-them-warns-Bingumal/215-351128	en	dailymirrorlk	1790317995.0
lk_news	2026-09-25-dailymirrorlk-1fc5e91d	dailymirrorlk-1fc5e91d	2026-09-25	Development banks should return to equity stakes and board seats, says DFCC CEO	https://www.dailymirror.lk/business/Development-banks-should-return-to-equity-stakes-and-board-seats-says-DFCC-CEO/215-351126	en	dailymirrorlk	1790317798.0
lk_news	2026-09-25-dailymirrorlk-f01db2e2	dailymirrorlk-f01db2e2	2026-09-25	Over 53,000 people with kidney disease receive Rs. 10,000 monthly allowance: Minister	https://www.dailymirror.lk/breaking-news/Over-53-000-people-with-kidney-disease-receive-Rs-10-000-monthly-allowance-Minister/108-351125	en	dailymirrorlk	1790317790.0
lk_news	2026-09-25-dailymirrorlk-935f8051	dailymirrorlk-935f8051	2026-09-25	SLIC Life appoints Dr. Sameera Dharmasena as CEO	https://www.dailymirror.lk/business/SLIC-Life-appoints-Dr-Sameera-Dharmasena-as-CEO/215-351123	en	dailymirrorlk	1790317618.0
lk_news	2026-09-25-dailymirrorlk-7ea254e2	dailymirrorlk-7ea254e2	2026-09-25	‘Sri Lanka AI Week 2026’ set to amplify country’s AI potential	https://www.dailymirror.lk/business/Sri-Lanka-AI-Week-2026-set-to-amplify-countrys-AI-potential/215-351121	en	dailymirrorlk	1790317474.0
lk_news	2026-09-25-dailymirrorlk-d79d067b	dailymirrorlk-d79d067b	2026-09-25	Auction offerings fall to two-year low of 4.8 M/Kgs	https://www.dailymirror.lk/business/Auction-offerings-fall-to-two-year-low-of-4-8-MKgs/215-351120	en	dailymirrorlk	1790317420.0
lk_news	2026-09-25-dailymirrorlk-2b11d874	dailymirrorlk-2b11d874	2026-09-25	Committee on High Posts approves Ambassador, High Commissioner appointments	https://www.dailymirror.lk/breaking-news/Committee-on-High-Posts-approves-Ambassador-High-Commissioner-appointments/108-351119	en	dailymirrorlk	1790317394.0
lk_news	2026-09-25-dailymirrorlk-6e0bfe3b	dailymirrorlk-6e0bfe3b	2026-09-25	Tea export volumes fall through August as dollar prices weaken	https://www.dailymirror.lk/business/Tea-export-volumes-fall-through-August-as-dollar-prices-weaken/215-351118	en	dailymirrorlk	1790317349.0
lk_news	2026-09-25-dailymirrorlk-9d94f771	dailymirrorlk-9d94f771	2026-09-25	Yield curve edges higher amid modest trading activity	https://www.dailymirror.lk/business/Yield-curve-edges-higher-amid-modest-trading-activity/215-351116	en	dailymirrorlk	1790317048.0
lk_news	2026-09-25-dailymirrorlk-2831aeed	dailymirrorlk-2831aeed	2026-09-25	Indices close in red	https://www.dailymirror.lk/business/Indices-close-in-red/215-351115	en	dailymirrorlk	1790316837.0
lk_news	2026-09-25-dailymirrorlk-b9bb9fcf	dailymirrorlk-b9bb9fcf	2026-09-25	Jetwing Travels adopts new-energy mobility solution with Hayleys tie-up	https://www.dailymirror.lk/business/Jetwing-Travels-adopts-new-energy-mobility-solution-with-Hayleys-tie-up/215-351113	en	dailymirrorlk	1790316632.0
lk_news	2026-09-25-dailymirrorlk-1b8dd645	dailymirrorlk-1b8dd645	2026-09-25	SDF ranked 1st in Category 3 of SL’s Listed Finance Company Ranking	https://www.dailymirror.lk/business/SDF-ranked-1st-in-Category-3-of-SLs-Listed-Finance-Company-Ranking/215-351111	en	dailymirrorlk	1790316432.0
lk_news	2026-09-25-dailymirrorlk-7526bd7e	dailymirrorlk-7526bd7e	2026-09-25	Weather impact to ease as depression weakens	https://www.dailymirror.lk/breaking-news/Weather-impact-to-ease-as-depression-weakens/108-351110	en	dailymirrorlk	1790316219.0
lk_news	2026-09-25-dailymirrorlk-e928d224	dailymirrorlk-e928d224	2026-09-25	HNB Bank’s Central Collections Unit receives ISO 9001:2015 Certification	https://www.dailymirror.lk/business/HNB-Banks-Central-Collections-Unit-receives-ISO-90012015-Certification/215-351105	en	dailymirrorlk	1790315635.0
lk_news	2026-09-25-dailymirrorlk-9e8e24e3	dailymirrorlk-9e8e24e3	2026-09-25	Avoid taking painkillers amid rising flu cases: Expert	https://www.dailymirror.lk/breaking-news/Avoid-taking-painkillers-amid-rising-flu-cases-Expert/108-351104	en	dailymirrorlk	1790315585.0
lk_news	2026-09-25-dailymirrorlk-486e785b	dailymirrorlk-486e785b	2026-09-25	SLIC General appoints Asiri Wickramarachchi as Acting CEO	https://www.dailymirror.lk/business/SLIC-General-appoints-Asiri-Wickramarachchi-as-Acting-CEO/215-351103	en	dailymirrorlk	1790315509.0
lk_news	2026-09-25-dailymirrorlk-1e931954	dailymirrorlk-1e931954	2026-09-25	Dialog Govi Mithuru and University of Ruhuna Partner to Advance Agricultural Innovation	https://www.dailymirror.lk/business/Dialog-Govi-Mithuru-and-University-of-Ruhuna-Partner-to-Advance-Agricultural-Innovation/215-351100	en	dailymirrorlk	1790315346.0
lk_news	2026-09-25-dailymirrorlk-f20293f9	dailymirrorlk-f20293f9	2026-09-25	Ambeon Capital with Chennai firm to open India-SL investment desks	https://www.dailymirror.lk/business/Ambeon-Capital-with-Chennai-firm-to-open-India-SL-investment-desks/215-351097	en	dailymirrorlk	1790315067.0
lk_news	2026-09-25-dailymirrorlk-6e0d6b2d	dailymirrorlk-6e0d6b2d	2026-09-25	CEAT Kelani retains Fitch AA+ rating for 6th consecutive year	https://www.dailymirror.lk/business/CEAT-Kelani-retains-Fitch-AA-rating-for-6th-consecutive-year/215-351095	en	dailymirrorlk	1790314893.0
lk_news	2026-09-25-dailymirrorlk-f73b787e	dailymirrorlk-f73b787e	2026-09-25	LB CIM-Thyaga bring digital gifting services	https://www.dailymirror.lk/business/LB-CIM-Thyaga-bring-digital-gifting-services/215-351093	en	dailymirrorlk	1790314715.0
lk_news	2026-09-25-dailymirrorlk-7acefdf0	dailymirrorlk-7acefdf0	2026-09-25	Italian woman falls to death	https://www.dailymirror.lk/breaking-news/Italian-woman-falls-to-death/108-351092	en	dailymirrorlk	1790314583.0
lk_news	2026-09-25-dailymirrorlk-35d7a360	dailymirrorlk-35d7a360	2026-09-25	Blink International acquires Wristlab	https://www.dailymirror.lk/business/Blink-International-acquires-Wristlab/215-351091	en	dailymirrorlk	1790314533.0
lk_news	2026-09-25-dailymirrorlk-9040017d	dailymirrorlk-9040017d	2026-09-25	GS1 Lanka drives SL’s shift to 2D barcodes	https://www.dailymirror.lk/business/GS1-Lanka-drives-SLs-shift-to-2D-barcodes/215-351090	en	dailymirrorlk	1790314385.0
lk_news	2026-09-25-dailymirrorlk-288148ba	dailymirrorlk-288148ba	2026-09-25	Rainwater harvesting in Sri Lanka: How to start at home before the dry months	https://www.dailymirror.lk/news-features/Rainwater-harvesting-in-Sri-Lanka-How-to-start-at-home-before-the-dry-months/131-351089	en	dailymirrorlk	1790314208.0
lk_news	2026-09-25-dailymirrorlk-a6587ab7	dailymirrorlk-a6587ab7	2026-09-25	Beyond Ordinary - Nations Business Advisory Nations Trust Bank advances business dialogue	https://www.dailymirror.lk/business/Beyond-Ordinary-Nations-Business-Advisory-Nations-Trust-Bank-advances-business-dialogue/215-351088	en	dailymirrorlk	1790314193.0
lk_news	2026-09-25-dailymirrorlk-47c910e2	dailymirrorlk-47c910e2	2026-09-25	A taste of Sweden with Chef Carola Magnusson at Cinnamon Lakeside Colombo	https://www.dailymirror.lk/business/A-taste-of-Sweden-with-Chef-Carola-Magnusson-at-Cinnamon-Lakeside-Colombo/215-351087	en	dailymirrorlk	1790314080.0
lk_news	2026-09-25-adalk-8f8f8522	adalk-8f8f8522	2026-09-25	ඇමෙරිකාව කැනඩාවට පහරදෙයිද?	https://www.ada.lk/breaking_news/ඇමෙරිකාව-කැනඩාවට-පහරදෙයිද-/11-424371	si	adalk	1790313987.0
lk_news	2026-09-25-dailymirrorlk-67fcb3e5	dailymirrorlk-67fcb3e5	2026-09-25	After 22A, NPP Govt to begin work on new Constitution	https://www.dailymirror.lk/breaking-news/After-22A-NPP-Govt-to-begin-work-on-new-Constitution/108-351086	en	dailymirrorlk	1790313196.0
lk_news	2026-09-25-dailymirrorlk-8370e9a3	dailymirrorlk-8370e9a3	2026-09-25	US airlines oppose China’s bid to add more flights	https://www.dailymirror.lk/international/US-airlines-oppose-Chinas-bid-to-add-more-flights/107-351085	en	dailymirrorlk	1790313041.0
lk_news	2026-09-25-adalk-de647399	adalk-de647399	2026-09-25	10 හැවැරිදි දරුවා යතුරුපැදියට බිලි	https://www.ada.lk/breaking_news/10-හැවැරිදි-දරුවා-යතුරුපැදියට-බිලි/11-424370	si	adalk	1790311416.0
lk_news	2026-09-25-adalk-561e386b	adalk-561e386b	2026-09-25	බස්වලට සවිකළ ජීපීඑස් පද්ධති සියයට 56ක්ම අක්‍රීයයි	https://www.ada.lk/breaking_news/බස්වලට-සවිකළ-ජීපීඑස්-පද්ධති-සියයට-56ක්ම-අක්‍රීයයි/11-424369	si	adalk	1790311384.0
lk_news	2026-09-25-adalk-6024a439	adalk-6024a439	2026-09-25	මාවුස්සාකැලේ වාන් දෙකක් විවෘත කරයි	https://www.ada.lk/breaking_news/මාවුස්සාකැලේ-වාන්-දෙකක්-විවෘත-කරයි/11-424368	si	adalk	1790311135.0
lk_news	2026-09-25-dailymirrorlk-74f511c8	dailymirrorlk-74f511c8	2026-09-25	Ruling party MPs urged to vote according to conscience	https://www.dailymirror.lk/breaking-news/Ruling-party-MPs-urged-to-vote-according-to-conscience/108-351084	en	dailymirrorlk	1790311047.0
lk_news	2026-09-25-dailymirrorlk-b5090b03	dailymirrorlk-b5090b03	2026-09-25	Opposition MPs wear black in Parliament	https://www.dailymirror.lk/breaking-news/Opposition-MPs-wear-black-in-Parliament/108-351083	en	dailymirrorlk	1790310924.0
lk_news	2026-09-25-dailymirrorlk-cfefdf3b	dailymirrorlk-cfefdf3b	2026-09-25	25 Indonesian fishermen rescued	https://www.dailymirror.lk/caption-story/25-Indonesian-fishermen-rescued/110-351082	en	dailymirrorlk	1790309646.0
lk_news	2026-09-25-dailymirrorlk-016880d0	dailymirrorlk-016880d0	2026-09-25	25 Indonesian fishermen rescued after trawler capsizes South of Sri Lanka	https://www.dailymirror.lk/caption-story/25-Indonesian-fishermen-rescued-after-trawler-capsizes-South-of-Sri-Lanka/110-351082	en	dailymirrorlk	1790309646.0
lk_news	2026-09-25-dailymirrorlk-00e3f4d9	dailymirrorlk-00e3f4d9	2026-09-25	Netanyahu defends Israeli military action as delegates walk out before UN speech	https://www.dailymirror.lk/international/Netanyahu-defends-Israeli-military-action-as-delegates-walk-out-before-UN-speech/107-351081	en	dailymirrorlk	1790309019.0
lk_news	2026-09-25-dailymirrorlk-b4181cf4	dailymirrorlk-b4181cf4	2026-09-25	Sri Lanka beat England to level ODI series	https://www.dailymirror.lk/breaking-news/Sri-Lanka-beat-England-to-level-ODI-series/108-351080	en	dailymirrorlk	1790307038.0
lk_news	2026-09-25-adalk-dd1c941c	adalk-dd1c941c	2026-09-25	’’ආයුබෝ’’ දිනපතා ලොතරැයිය ජනගත කෙරේ	https://www.ada.lk/breaking_news/’’ආයුබෝ’’-දිනපතා-ලොතරැයිය-ජනගත-කෙරේ/11-424367	si	adalk	1790306817.0
lk_news	2026-09-25-adalk-68cd660e	adalk-68cd660e	2026-09-25	ඉන්දියාවේ පාසල් අවට ක්ෂණික ආහාර අලෙවියට තහනමක්	https://www.ada.lk/breaking_news/ඉන්දියාවේ-පාසල්-අවට-ක්ෂණික-ආහාර-අලෙවියට-තහනමක්/11-424365	si	adalk	1790305493.0
lk_news	2026-09-25-adalk-957d1689	adalk-957d1689	2026-09-25	ළමයින්ට සිදු කරන ශාරීරික දණ්ඩනය තහනම් කිරීමට නීතිමය සංශෝධන	https://www.ada.lk/breaking_news/ළමයින්ට-සිදු-කරන-ශාරීරික-දණ්ඩනය-තහනම්-කිරීමට-නීතිමය-සංශෝධන/11-424364	si	adalk	1790304998.0
lk_news	2026-09-25-adalk-9f61b314	adalk-9f61b314	2026-09-25	විදේශ සේවා කාර්යාංශයේ නමින් තොරතුරු එකතු කරන ව්‍යාජ වෙබ් අඩවියක්	https://www.ada.lk/breaking_news/විදේශ-සේවා-කාර්යාංශයේ-නමින්-තොරතුරු-එකතු-කරන-ව්‍යාජ-වෙබ්-අඩවියක්/11-424363	si	adalk	1790304525.0
lk_news	2026-09-25-adalk-03016c85	adalk-03016c85	2026-09-25	ඉතාලියේ පාසල් තුළ ඉතාලි භාෂාව කථා නොකරන සිසුන් සංඛ්‍යාවකට සිමාවක්	https://www.ada.lk/breaking_news/ඉතාලියේ-පාසල්-තුළ-ඉතාලි-භාෂාව-කථා-නොකරන-සිසුන්-සංඛ්‍යාවකට-සිමාවක්/11-424362	si	adalk	1790303937.0
lk_news	2026-09-25-dailyftlk-a0bfe012	dailyftlk-a0bfe012	2026-09-25	SL and China will further advance strategic cooperative partnership: Ambassador Wei	https://www.ft.lk/news/SL-and-China-will-further-advance-strategic-cooperative-partnership-Ambassador-Wei/56-797735	en	dailyftlk	1790303546.0
lk_news	2026-09-25-dailyftlk-025529e6	dailyftlk-025529e6	2026-09-25	A cancerous disease	https://www.ft.lk/columns/A-cancerous-disease/4-797734	en	dailyftlk	1790300602.0
lk_news	2026-09-25-dailyftlk-a429b1f1	dailyftlk-a429b1f1	2026-09-25	Easter Sunday judgement is not end of story	https://www.ft.lk/columns/Easter-Sunday-judgement-is-not-end-of-story/4-797733	en	dailyftlk	1790300228.0
lk_news	2026-09-25-dailyftlk-97ff560c	dailyftlk-97ff560c	2026-09-25	Is Personally Identifiable Information safe in the hands of the State?	https://www.ft.lk/columns/Is-Personally-Identifiable-Information-safe-in-the-hands-of-the-State/4-797732	en	dailyftlk	1790299921.0
lk_news	2026-09-25-dailyftlk-641f98b9	dailyftlk-641f98b9	2026-09-25	Why rebuilding Sri Lanka’s foreign-exchange base requires creative destruction, not a jigsaw puzzle	https://www.ft.lk/columns/Why-rebuilding-Sri-Lanka-s-foreign-exchange-base-requires-creative-destruction-not-a-jigsaw-puzzle/4-797727	en	dailyftlk	1790296715.0
lk_news	2026-09-25-dailyftlk-624a4864	dailyftlk-624a4864	2026-09-25	Softlogic swings to first pre-tax profit since 2019	https://www.ft.lk/business/Softlogic-swings-to-first-pre-tax-profit-since-2019/34-797726	en	dailyftlk	1790296248.0
lk_news	2026-09-25-dailyftlk-b88b6112	dailyftlk-b88b6112	2026-09-25	Sri Lanka–Nordic Business Council hosts Members’ Day and panel discussion on skills, start-ups and innovation	https://www.ft.lk/business/Sri-LankaNordic-Business-Council-hosts-Members-Day-and-panel-discussion-on-skills-start-ups-and-innovation/34-797725	en	dailyftlk	1790296170.0
lk_news	2026-09-25-dailyftlk-37fa9e2c	dailyftlk-37fa9e2c	2026-09-25	American survival thriller “Heart of the Beast” in 13 Lankan cinemas	https://www.ft.lk/business/American-survival-thriller-Heart-of-the-Beast-in-13-Lankan-cinemas/34-797724	en	dailyftlk	1790296109.0
lk_news	2026-09-25-dailyftlk-fd0aa066	dailyftlk-fd0aa066	2026-09-25	PickMe connects Book Fair visits with QR tickets, rides and easier pickups	https://www.ft.lk/business/PickMe-connects-Book-Fair-visits-with-QR-tickets-rides-and-easier-pickups/34-797723	en	dailyftlk	1790296017.0
lk_news	2026-09-25-dailyftlk-ca39743f	dailyftlk-ca39743f	2026-09-25	SC raises concerns over ‘particular’ threat to judicial independence	https://www.ft.lk/news/SC-raises-concerns-over-particular-threat-to-judicial-independence/56-797722	en	dailyftlk	1790295787.0
lk_news	2026-09-25-dailyftlk-a9937874	dailyftlk-a9937874	2026-09-25	Ex-Krrish Director remanded over alleged Rs. 70 m bribe to Namal	https://www.ft.lk/news/Ex-Krrish-Director-remanded-over-alleged-Rs-70-m-bribe-to-Namal/56-797721	en	dailyftlk	1790295726.0
lk_news	2026-09-25-dailyftlk-e76f87b1	dailyftlk-e76f87b1	2026-09-25	UAE, Sri Lanka discuss Trincomalee energy hub	https://www.ft.lk/news/UAE-Sri-Lanka-discuss-Trincomalee-energy-hub/56-797720	en	dailyftlk	1790295708.0
lk_news	2026-09-25-adalk-32ad6e09	adalk-32ad6e09	2026-09-25	තිරසාර සංවර්ධන ඉලක්ක ධජය ශ්‍රී ලංකාවේදී ඔසවයි	https://www.ada.lk/business/තිරසාර-සංවර්ධන-ඉලක්ක-ධජය-ශ්‍රී-ලංකාවේදී-ඔසවයි/7-424361	si	adalk	1790294732.0
lk_news	2026-09-25-adalk-fddde88c	adalk-fddde88c	2026-09-25	අඛණ්ඩව 6 වන වසරටත් සියැට් කැලණි Fitch AA+ ශ්‍රේණියට	https://www.ada.lk/business/අඛණ්ඩව-6-වන-වසරටත්-සියැට්-කැලණි-Fitch-AA--ශ්‍රේණියට/7-424360	si	adalk	1790294654.0
lk_news	2026-09-24-dailymirrorlk-c20fe256	dailymirrorlk-c20fe256	2026-09-24	Fake website misuses Foreign Bureau name to collect job seekers’ personal data	https://www.dailymirror.lk/breaking-news/Fake-website-misuses-Foreign-Bureau-name-to-collect-job-seekers-personal-data/108-351079	en	dailymirrorlk	1790262987.0
lk_news	2026-09-24-dailymirrorlk-8b3e6f02	dailymirrorlk-8b3e6f02	2026-09-24	Harry Potter play producer says cost of living made two-part show ’impossible’	https://www.dailymirror.lk/international/Harry-Potter-play-producer-says-cost-of-living-made-two-part-show-impossible/107-351078	en	dailymirrorlk	1790259691.0
lk_news	2026-09-24-dailymirrorlk-2d4712af	dailymirrorlk-2d4712af	2026-09-24	Sri Lanka, UAE discuss Trincomalee regional energy hub	https://www.dailymirror.lk/breaking-news/Sri-Lanka-UAE-discuss-Trincomalee-regional-energy-hub/108-351077	en	dailymirrorlk	1790256712.0
lk_news	2026-09-24-dailymirrorlk-880af3e4	dailymirrorlk-880af3e4	2026-09-24	Justice must be accessible to all without discrimination: PM	https://www.dailymirror.lk/breaking-news/Justice-must-be-accessible-to-all-without-discrimination-PM/108-351076	en	dailymirrorlk	1790255985.0
lk_news	2026-09-24-dailymirrorlk-84d29df0	dailymirrorlk-84d29df0	2026-09-24	CSE slips as foreign selling weighs on recent recovery	https://www.dailymirror.lk/breaking-news/CSE-slips-as-foreign-selling-weighs-on-recent-recovery/108-351075	en	dailymirrorlk	1790254691.0
lk_news	2026-09-24-dailymirrorlk-b4f115e3	dailymirrorlk-b4f115e3	2026-09-24	National media guidelines proposed to protect children’s privacy	https://www.dailymirror.lk/breaking-news/National-media-guidelines-proposed-to-protect-childrens-privacy/108-351074	en	dailymirrorlk	1790254091.0
lk_news	2026-09-24-dailymirrorlk-36d354a5	dailymirrorlk-36d354a5	2026-09-24	Vijitha Herath to address UN General Assembly on September 28	https://www.dailymirror.lk/breaking-news/Vijitha-Herath-to-address-UN-General-Assembly-on-September-28/108-351073	en	dailymirrorlk	1790253899.0
lk_news	2026-09-24-adalk-ad64341b	adalk-ad64341b	2026-09-24	රාවණා ඇල්ලෙන් වැටී නෙදර්ලන්ත තරුණියක් මරුට	https://www.ada.lk/breaking_news/රාවණා-ඇල්ලෙන්-වැටී-නෙදර්ලන්ත-තරුණියක්-මරුට/11-424359	si	adalk	1790253422.0
lk_news	2026-09-24-dailymirrorlk-bcb63aa2	dailymirrorlk-bcb63aa2	2026-09-24	Ruling party MPs pose for photo in Parliament canteen	https://www.dailymirror.lk/breaking-news/Ruling-party-MPs-pose-for-photo-in-Parliament-canteen/108-351072	en	dailymirrorlk	1790253194.0
lk_news	2026-09-24-dailymirrorlk-a3052cfc	dailymirrorlk-a3052cfc	2026-09-24	Technical committee to decide on mothers with children under five leaving for foreign jobs	https://www.dailymirror.lk/breaking-news/Technical-committee-to-decide-on-mothers-with-children-under-five-leaving-for-foreign-jobs/108-351071	en	dailymirrorlk	1790251475.0
lk_news	2026-09-24-adalk-adf476d2	adalk-adf476d2	2026-09-24	හෙට නුවරඑළියේ පාසල් පැවැත්වීමේ තීරණය විදුහල්පතිවරුන්ට	https://www.ada.lk/breaking_news/හෙට-නුවරඑළියේ-පාසල්-පැවැත්වීමේ-තීරණය-විදුහල්පතිවරුන්ට/11-424358	si	adalk	1790251317.0
lk_news	2026-09-24-adalk-46a0d38f	adalk-46a0d38f	2026-09-24	කාවන්තිස්සට ප්‍රතිකාර අරඹයි	https://www.ada.lk/breaking_news/කාවන්තිස්සට-ප්‍රතිකාර-අරඹයි/11-424357	si	adalk	1790250567.0
lk_news	2026-09-24-dailymirrorlk-53f5deb8	dailymirrorlk-53f5deb8	2026-09-24	Diplomats, UN and civil society assess Sri Lanka’s SDG progress	https://www.dailymirror.lk/breaking-news/Diplomats-UN-and-civil-society-assess-Sri-Lankas-SDG-progress/108-351070	en	dailymirrorlk	1790250310.0
lk_news	2026-09-24-adalk-f8041504	adalk-f8041504	2026-09-24	නුවරඑළියට අධික වැසි, ග්‍රෙගරි වැවේ සොරොව්ව විවෘත කරයි	https://www.ada.lk/breaking_news/නුවරඑළියට-අධික-වැසි--ග්‍රෙගරි-වැවේ-සොරොව්ව-විවෘත-කරයි/11-424356	si	adalk	1790248589.0
lk_news	2026-09-24-dailymirrorlk-ddc12fb8	dailymirrorlk-ddc12fb8	2026-09-24	SLBFE warns Israel job seekers over fake recruitment link	https://www.dailymirror.lk/breaking-news/SLBFE-warns-Israel-job-seekers-over-fake-recruitment-link/108-351069	en	dailymirrorlk	1790248055.0
lk_news	2026-09-24-dailymirrorlk-d50432ba	dailymirrorlk-d50432ba	2026-09-24	Heavy rain up to 100mm forecast for next 36 hours	https://www.dailymirror.lk/breaking-news/Heavy-rain-up-to-100mm-forecast-for-next-36-hours/108-351068	en	dailymirrorlk	1790247934.0
lk_news	2026-09-24-dailymirrorlk-7ba8dc8c	dailymirrorlk-7ba8dc8c	2026-09-24	Former Krrish director Janaki Siriwardena remanded	https://www.dailymirror.lk/breaking-news/Former-Krrish-director-Janaki-Siriwardena-remanded/108-351067	en	dailymirrorlk	1790247830.0
lk_news	2026-09-24-adalk-95716bdf	adalk-95716bdf	2026-09-24	නාමල්ට රු.මි. 70ක් අල්ලස් දුන්නැයි ජානකි සිරිවර්ධන රිමාන්ඩ්	https://www.ada.lk/breaking_news/නාමල්ට-රු-මි--70ක්-අල්ලස්-දුන්නැයි-ජානකි-සිරිවර්ධන-රිමාන්ඩ්/11-424354	si	adalk	1790247802.0
lk_news	2026-09-24-adalk-338fdff7	adalk-338fdff7	2026-09-24	ජපන් සහ රුමේනියා  රැකියා අපේක්ෂිතයන් සඳහා නව නීතියක්	https://www.ada.lk/breaking_news/ජපන්-සහ-රුමේනියා--රැකියා-අපේක්ෂිතයන්-සඳහා-නව-නීතියක්/11-424353	si	adalk	1790247518.0
lk_news	2026-09-24-dailymirrorlk-847700cf	dailymirrorlk-847700cf	2026-09-24	Common standards for preschools targeted for 2027	https://www.dailymirror.lk/breaking-news/Common-standards-for-preschools-targeted-for-2027/108-351066	en	dailymirrorlk	1790246886.0
lk_news	2026-09-24-dailymirrorlk-92f3bae4	dailymirrorlk-92f3bae4	2026-09-24	Legal amendments to ban corporal punishment of children discussed	https://www.dailymirror.lk/breaking-news/Legal-amendments-to-ban-corporal-punishment-of-children-discussed/108-351065	en	dailymirrorlk	1790246789.0
lk_news	2026-09-24-dailymirrorlk-eda02397	dailymirrorlk-eda02397	2026-09-24	New mandatory training for first-time Japan, Romania job seekers	https://www.dailymirror.lk/breaking-news/New-mandatory-training-for-first-time-Japan-Romania-job-seekers/108-351064	en	dailymirrorlk	1790246267.0
lk_news	2026-09-24-dailymirrorlk-13b40a32	dailymirrorlk-13b40a32	2026-09-24	Ministry pledges support for wildlife officers facing baseless allegations	https://www.dailymirror.lk/breaking-news/Ministry-pledges-support-for-wildlife-officers-facing-baseless-allegations/108-351063	en	dailymirrorlk	1790245993.0
lk_news	2026-09-24-dailymirrorlk-d9c99496	dailymirrorlk-d9c99496	2026-09-24	Urgent treatment begins for ‘Kavantissa’ elephant in Galgamuwa	https://www.dailymirror.lk/breaking-news/Urgent-treatment-begins-for-Kavantissa-elephant-in-Galgamuwa/108-351062	en	dailymirrorlk	1790245225.0
lk_news	2026-09-24-dailymirrorlk-32e5f398	dailymirrorlk-32e5f398	2026-09-24	NPP unity will be clear in 22nd Amendment vote: Harini	https://www.dailymirror.lk/breaking-news/NPP-unity-will-be-clear-in-22nd-Amendment-vote-Harini/108-351061	en	dailymirrorlk	1790243721.0
lk_news	2026-09-24-dailymirrorlk-289f5e84	dailymirrorlk-289f5e84	2026-09-24	Former Krrish Group Director Janaki Siriwardena arrested	https://www.dailymirror.lk/breaking-news/Former-Krrish-Group-Director-Janaki-Siriwardena-arrested/108-351060	en	dailymirrorlk	1790242365.0
lk_news	2026-09-24-dailymirrorlk-6237214a	dailymirrorlk-6237214a	2026-09-24	Judge temporarily overturns Trump’s White House media ban	https://www.dailymirror.lk/international/Judge-temporarily-overturns-Trumps-White-House-media-ban/107-351059	en	dailymirrorlk	1790241840.0
lk_news	2026-09-24-dailymirrorlk-23c44f09	dailymirrorlk-23c44f09	2026-09-24	Piumi Hansamali withdraws writ petition challenging CID probe	https://www.dailymirror.lk/breaking-news/Piumi-Hansamali-withdraws-writ-petition-challenging-CID-probe/108-351057	en	dailymirrorlk	1790241692.0
lk_news	2026-09-24-dailymirrorlk-4faaaf67	dailymirrorlk-4faaaf67	2026-09-24	Transport medical tokens go online today	https://www.dailymirror.lk/breaking-news/Transport-medical-tokens-go-online-today/108-351054	en	dailymirrorlk	1790239347.0
lk_news	2026-09-24-dailymirrorlk-06d4321b	dailymirrorlk-06d4321b	2026-09-24	Dambulla tourist hotel fined Rs. 500,000 for overcharging on bottled water	https://www.dailymirror.lk/breaking-news/Dambulla-tourist-hotel-fined-Rs-500-000-for-overcharging-on-bottled-water/108-351053	en	dailymirrorlk	1790239217.0
lk_news	2026-09-24-dailymirrorlk-e086eb3c	dailymirrorlk-e086eb3c	2026-09-24	Flood warning for Kuda Ganga extended by 48 hours	https://www.dailymirror.lk/breaking-news/Flood-warning-for-Kuda-Ganga-extended-by-48-hours/108-351050	en	dailymirrorlk	1790236564.0
lk_news	2026-09-24-dailymirrorlk-d8c7dda1	dailymirrorlk-d8c7dda1	2026-09-24	Police uncover real story behind viral ‘extortion’ video	https://www.dailymirror.lk/breaking-news/Police-uncover-real-story-behind-viral-extortion-video/108-351049	en	dailymirrorlk	1790236335.0
lk_news	2026-09-24-adalk-9b8257d0	adalk-9b8257d0	2026-09-24	මාධ්‍ය ආයතන තුනකට ට්‍රම්ප් දැමූ තහනම තාවකාලිකව අත්හිටුවයි	https://www.ada.lk/breaking_news/මාධ්‍ය-ආයතන-තුනකට-ට්‍රම්ප්-දැමූ-තහනම-තාවකාලිකව-අත්හිටුවයි/11-424352	si	adalk	1790235748.0
lk_news	2026-09-24-dailymirrorlk-4ae435c4	dailymirrorlk-4ae435c4	2026-09-24	Against 22A...	https://www.dailymirror.lk/caption-story/Against-22A/110-351048	en	dailymirrorlk	1790235373.0
lk_news	2026-09-24-dailymirrorlk-2a113714	dailymirrorlk-2a113714	2026-09-24	Judges will have option of retiring early despite new retirement age: Minister	https://www.dailymirror.lk/breaking-news/Judges-will-have-option-of-retiring-early-despite-new-retirement-age-Minister/108-351039	en	dailymirrorlk	1790232255.0
lk_news	2026-09-24-dailymirrorlk-982bdd62	dailymirrorlk-982bdd62	2026-09-24	No regrets whatsoever, accused still hold onto their ideology: ASG	https://www.dailymirror.lk/breaking-news/No-regrets-whatsoever-accused-still-hold-onto-their-ideology-ASG/108-351037	en	dailymirrorlk	1790231902.0
lk_news	2026-09-24-dailymirrorlk-3eb61c96	dailymirrorlk-3eb61c96	2026-09-24	What is the 22nd Amendment to the Constitution?	https://www.dailymirror.lk/breaking-news/What-is-the-22nd-Amendment-to-the-Constitution/108-351035	en	dailymirrorlk	1790231605.0
lk_news	2026-09-24-dailymirrorlk-dda2bd9d	dailymirrorlk-dda2bd9d	2026-09-24	Why are ministers  still complaining about bureaucratic bottlenecks?	https://www.dailymirror.lk/opinion/Why-are-ministers-still-complaining-about-bureaucratic-bottlenecks/172-351033	en	dailymirrorlk	1790231408.0
lk_news	2026-09-24-dailymirrorlk-1ae3add1	dailymirrorlk-1ae3add1	2026-09-24	Bill on dog registration and rabies elimination presented in Parliament	https://www.dailymirror.lk/breaking-news/Bill-on-dog-registration-and-rabies-elimination-presented-in-Parliament/108-351032	en	dailymirrorlk	1790231318.0
lk_news	2026-09-24-dailymirrorlk-11af8746	dailymirrorlk-11af8746	2026-09-24	Another Damper for Aussie Dream of Lankans	https://www.dailymirror.lk/opinion/Another-Damper-for-Aussie-Dream-of-Lankans/172-351031	en	dailymirrorlk	1790231286.0
lk_news	2026-09-24-dailymirrorlk-e5e4e53f	dailymirrorlk-e5e4e53f	2026-09-24	The burden of road traffic accidents in Sri Lanka	https://www.dailymirror.lk/opinion/The-burden-of-road-traffic-accidents-in-Sri-Lanka/172-351030	en	dailymirrorlk	1790231226.0
lk_news	2026-09-24-dailymirrorlk-d71c0bd7	dailymirrorlk-d71c0bd7	2026-09-24	Parliamentary debate on 22nd Amendment begins	https://www.dailymirror.lk/breaking-news/Parliamentary-debate-on-22nd-Amendment-begins/108-351028	en	dailymirrorlk	1790230070.0
lk_news	2026-09-24-dailymirrorlk-e765b34a	dailymirrorlk-e765b34a	2026-09-24	Fitch upgrade paves way for investment-led growth; DFIs urged to go beyond lending: CB Governor	https://www.dailymirror.lk/business-main/Fitch-upgrade-paves-way-for-investment-led-growth-DFIs-urged-to-go-beyond-lending-CB-Governor/245-351027	en	dailymirrorlk	1790229738.0
lk_news	2026-09-24-dailymirrorlk-ca2f469e	dailymirrorlk-ca2f469e	2026-09-24	CCC urges targeted poverty relief after Fitch upgrade	https://www.dailymirror.lk/business-news/CCC-urges-targeted-poverty-relief-after-Fitch-upgrade/273-351026	en	dailymirrorlk	1790229666.0
lk_news	2026-09-24-dailymirrorlk-50645b59	dailymirrorlk-50645b59	2026-09-24	Apparel slump tests Sri Lanka’s US $ 12bn export run	https://www.dailymirror.lk/business-news/Apparel-slump-tests-Sri-Lankas-US-12bn-export-run/273-351025	en	dailymirrorlk	1790229648.0
lk_news	2026-09-24-adalk-34134293	adalk-34134293	2026-09-24	නව මන්ත්‍රිවරයෙක් දිවුරුම් දෙයි	https://www.ada.lk/breaking_news/නව-මන්ත්‍රිවරයෙක්-දිවුරුම්-දෙයි/11-424351	si	adalk	1790229607.0
lk_news	2026-09-24-dailymirrorlk-39fa0a33	dailymirrorlk-39fa0a33	2026-09-24	Stronger revenues put tax relief on table: IMF	https://www.dailymirror.lk/business-news/Stronger-revenues-put-tax-relief-on-table-IMF/273-351024	en	dailymirrorlk	1790229545.0
lk_news	2026-09-24-dailymirrorlk-98505aaa	dailymirrorlk-98505aaa	2026-09-24	Central Bank freezes assets of 6 firms and their directors over deposit-taking concerns	https://www.dailymirror.lk/business-news/Central-Bank-freezes-assets-of-6-firms-and-their-directors-over-deposit-taking-concerns/273-351023	en	dailymirrorlk	1790229474.0
lk_news	2026-09-24-dailymirrorlk-2bed3a52	dailymirrorlk-2bed3a52	2026-09-24	Venue shortage cost Sri Lanka an Indian film festival:  Deputy Tourism Minister	https://www.dailymirror.lk/business-news/Venue-shortage-cost-Sri-Lanka-an-Indian-film-festival-Deputy-Tourism-Minister/273-351022	en	dailymirrorlk	1790229452.0
lk_news	2026-09-24-dailymirrorlk-1ca7b4a7	dailymirrorlk-1ca7b4a7	2026-09-24	Development banking needs tax relief and sharper aim to take off, says Bingumal Thewarathanthri	https://www.dailymirror.lk/business-news/Development-banking-needs-tax-relief-and-sharper-aim-to-take-off-says-Bingumal-Thewarathanthri/273-351021	en	dailymirrorlk	1790229366.0
lk_news	2026-09-24-dailymirrorlk-821a32a1	dailymirrorlk-821a32a1	2026-09-24	Indices close in green	https://www.dailymirror.lk/business-news/Indices-close-in-green/273-351020	en	dailymirrorlk	1790229221.0
lk_news	2026-09-24-dailymirrorlk-16e1e40b	dailymirrorlk-16e1e40b	2026-09-24	T-bill auction yields rise; yield curve declines from belly to long end	https://www.dailymirror.lk/business-news/T-bill-auction-yields-rise-yield-curve-declines-from-belly-to-long-end/273-351019	en	dailymirrorlk	1790229170.0
lk_news	2026-09-24-dailymirrorlk-2739dc24	dailymirrorlk-2739dc24	2026-09-24	BOI pitches Eastern textile zone to foreign missions as fabric supply hub	https://www.dailymirror.lk/business-news/BOI-pitches-Eastern-textile-zone-to-foreign-missions-as-fabric-supply-hub/273-351018	en	dailymirrorlk	1790229067.0
lk_news	2026-09-24-dailymirrorlk-8a99b584	dailymirrorlk-8a99b584	2026-09-24	Sri Lanka Convention Bureau launches Sri Lanka MICE Expo 2026	https://www.dailymirror.lk/business-news/Sri-Lanka-Convention-Bureau-launches-Sri-Lanka-MICE-Expo-2026/273-351017	en	dailymirrorlk	1790229054.0
lk_news	2026-09-24-adalk-3ea90f6c	adalk-3ea90f6c	2026-09-24	ගිං ගගේ ජල මට්ටම ඉහළට	https://www.ada.lk/breaking_news/ගිං-ගගේ-ජල-මට්ටම-ඉහළට/11-424350	si	adalk	1790228903.0
lk_news	2026-09-24-dailymirrorlk-dbbe57a1	dailymirrorlk-dbbe57a1	2026-09-24	Anuradhapura and Jaffna SMEs explore alternative capital raising avenues	https://www.dailymirror.lk/business-news/Anuradhapura-and-Jaffna-SMEs-explore-alternative-capital-raising-avenues/273-351016	en	dailymirrorlk	1790228889.0
lk_news	2026-09-24-dailymirrorlk-50287b24	dailymirrorlk-50287b24	2026-09-24	HNB Life unveils ‘Jeevithayata Piyapath’ brand song	https://www.dailymirror.lk/business-news/HNB-Life-unveils-Jeevithayata-Piyapath-brand-song/273-351015	en	dailymirrorlk	1790228800.0
lk_news	2026-09-24-dailymirrorlk-3a621a25	dailymirrorlk-3a621a25	2026-09-24	Maliban climbs five places in Sri Lanka’s Most Respected Entities ranking	https://www.dailymirror.lk/business-news/Maliban-climbs-five-places-in-Sri-Lankas-Most-Respected-Entities-ranking/273-351014	en	dailymirrorlk	1790228737.0
lk_news	2026-09-24-adalk-f60bf94d	adalk-f60bf94d	2026-09-24	ඉහළ කොත්මලේ වාන් දොරටු දෙකක් විවෘත කරයි	https://www.ada.lk/breaking_news/ඉහළ-කොත්මලේ-වාන්-දොරටු-දෙකක්-විවෘත-කරයි/11-424349	si	adalk	1790228721.0
lk_news	2026-09-24-dailymirrorlk-16b5d055	dailymirrorlk-16b5d055	2026-09-24	PureHydro powers Maxxis Ceylon Open 2026 Padel Finals	https://www.dailymirror.lk/business-news/PureHydro-powers-Maxxis-Ceylon-Open-2026-Padel-Finals/273-351013	en	dailymirrorlk	1790228692.0
lk_news	2026-09-24-dailymirrorlk-495d8c7e	dailymirrorlk-495d8c7e	2026-09-24	Ambewela launches new Mango Flavoured Yoghurt	https://www.dailymirror.lk/business-news/Ambewela-launches-new-Mango-Flavoured-Yoghurt/273-351012	en	dailymirrorlk	1790228641.0
lk_news	2026-09-24-dailymirrorlk-715cf611	dailymirrorlk-715cf611	2026-09-24	David Pieris Automobiles opens new BAIC showroom in Kandy	https://www.dailymirror.lk/business-news/David-Pieris-Automobiles-opens-new-BAIC-showroom-in-Kandy/273-351011	en	dailymirrorlk	1790228450.0
lk_news	2026-09-24-dailymirrorlk-99b6fd98	dailymirrorlk-99b6fd98	2026-09-24	SLT-Mobitel unveils Nutanix powered ‘Enterprise Premium Cloud’	https://www.dailymirror.lk/business-news/SLT-Mobitel-unveils-Nutanix-powered-Enterprise-Premium-Cloud/273-351010	en	dailymirrorlk	1790228301.0
lk_news	2026-09-24-adalk-0d0e0824	adalk-0d0e0824	2026-09-24	පළාත් අටක ආදායම් බලපත්‍ර නිකුත් කිරිම දින තුනකට නවති	https://www.ada.lk/breaking_news/පළාත්-අටක-ආදායම්-බලපත්‍ර-නිකුත්-කිරිම-දින-තුනකට-නවති/11-424348	si	adalk	1790228243.0
lk_news	2026-09-24-dailymirrorlk-d240ad6e	dailymirrorlk-d240ad6e	2026-09-24	Security tightened around Parliament amid 22nd Amendment debate	https://www.dailymirror.lk/breaking-news/Security-tightened-around-Parliament-amid-22nd-Amendment-debate/108-351009	en	dailymirrorlk	1790228026.0
lk_news	2026-09-24-dailymirrorlk-94a6a84c	dailymirrorlk-94a6a84c	2026-09-24	Australia says OpenAI agent hacked into government website	https://www.dailymirror.lk/international/Australia-says-OpenAI-agent-hacked-into-government-website/107-351008	en	dailymirrorlk	1790227596.0
lk_news	2026-09-24-dailymirrorlk-0b54bdb4	dailymirrorlk-0b54bdb4	2026-09-24	Habib Rifan sworn in as MP	https://www.dailymirror.lk/breaking-news/Habib-Rifan-sworn-in-as-MP/108-351004	en	dailymirrorlk	1790223721.0
lk_news	2026-09-24-dailymirrorlk-4104ee77	dailymirrorlk-4104ee77	2026-09-24	Opposition holds protest near Parliamentary Complex	https://www.dailymirror.lk/breaking-news/Opposition-holds-protest-near-Parliamentary-Complex/108-351003	en	dailymirrorlk	1790223543.0
lk_news	2026-09-24-dailymirrorlk-ab3e6333	dailymirrorlk-ab3e6333	2026-09-24	Revenue license system goes offline in eight provinces for four days	https://www.dailymirror.lk/breaking-news/Revenue-license-system-goes-offline-in-eight-provinces-for-four-days/108-351002	en	dailymirrorlk	1790222689.0
lk_news	2026-09-24-dailymirrorlk-8afe9544	dailymirrorlk-8afe9544	2026-09-24	Galle Face child abuse case: Police seek information to identify suspect	https://www.dailymirror.lk/breaking-news/Galle-Face-child-abuse-case-Police-seek-information-to-identify-suspect/108-351001	en	dailymirrorlk	1790220924.0
lk_news	2026-09-24-dailymirrorlk-6d4f0b42	dailymirrorlk-6d4f0b42	2026-09-24	Trump offers warm welcome as China’s Xi arrives for US visit	https://www.dailymirror.lk/international/Trump-offers-warm-welcome-as-Chinas-Xi-arrives-for-US-visit/107-351000	en	dailymirrorlk	1790220497.0
lk_news	2026-09-24-adalk-278f4375	adalk-278f4375	2026-09-24	මුල් මාස අටේ අපනයන ආදායම ඩොලර් බිලියන 12 ඉක්මවයි	https://www.ada.lk/breaking_news/මුල්-මාස-අටේ-අපනයන-ආදායම-ඩොලර්-බිලියන-12-ඉක්මවයි/11-424347	si	adalk	1790216644.0
lk_news	2026-09-24-adalk-70c61617	adalk-70c61617	2026-09-24	විදුලිබිලට සහන දෙන්න රු.බි. 17.3ක පරිපූරක ඇස්තමේන්තුවට අනුමැතිය	https://www.ada.lk/breaking_news/විදුලිබිලට-සහන-දෙන්න-රු-බි--17-3ක-පරිපූරක-ඇස්තමේන්තුවට-අනුමැතිය/11-424346	si	adalk	1790216008.0
lk_news	2026-09-24-adalk-e7ea8cbe	adalk-e7ea8cbe	2026-09-24	අදත් මිලි මිටර් 100ක් දක්වා වැසි	https://www.ada.lk/breaking_news/අදත්-මිලි-මිටර්-100ක්-දක්වා-වැසි/11-424345	si	adalk	1790215115.0
lk_news	2026-09-24-dailyftlk-6bd191ba	dailyftlk-6bd191ba	2026-09-24	Energy Minister provides timeline for oil, gas licensing round	https://www.ft.lk/business/Energy-Minister-provides-timeline-for-oil-gas-licensing-round/34-797685	en	dailyftlk	1790213104.0
lk_news	2026-09-24-dailyftlk-7df395ba	dailyftlk-7df395ba	2026-09-24	Parliament approves Rs. 17.2 b for  electricity relief	https://www.ft.lk/business/Parliament-approves-Rs-17-2-b-for-electricity-relief/34-797684	en	dailyftlk	1790213047.0
lk_news	2026-09-24-dailyftlk-f6401f84	dailyftlk-f6401f84	2026-09-24	American Chamber of Commerce in Sri Lanka appoints Bertram Paul as President at 34th AGM	https://www.ft.lk/business/American-Chamber-of-Commerce-in-Sri-Lanka-appoints-Bertram-Paul-as-President-at-34th-AGM/34-797683	en	dailyftlk	1790213007.0
lk_news	2026-09-24-dailyftlk-67b38ae7	dailyftlk-67b38ae7	2026-09-24	Abanchy Ceylon in landmark expansion into Kenya with incorporation of Abanchy Africa Ltd	https://www.ft.lk/business/Abanchy-Ceylon-in-landmark-expansion-into-Kenya-with-incorporation-of-Abanchy-Africa-Ltd/34-797682	en	dailyftlk	1790212823.0
lk_news	2026-09-24-dailyftlk-cc828eef	dailyftlk-cc828eef	2026-09-24	Aitken Spence Hotel allots 75% of Rs. 5 b debentures to preferential investors	https://www.ft.lk/business/Aitken-Spence-Hotel-allots-75-of-Rs-5-b-debentures-to-preferential-investors/34-797681	en	dailyftlk	1790212749.0
lk_news	2026-09-24-dailyftlk-7be6a65e	dailyftlk-7be6a65e	2026-09-24	Divolca Nova receives SLSI certificates	https://www.ft.lk/business/Divolca-Nova-receives-SLSI-certificates/34-797680	en	dailyftlk	1790212736.0
lk_news	2026-09-24-dailyftlk-a2ae7fec	dailyftlk-a2ae7fec	2026-09-24	Join Ottawa Mine Ban Treaty to save lives: Dr. Goonetilleke’s appeal to States	https://www.ft.lk/opinion/Join-Ottawa-Mine-Ban-Treaty-to-save-lives-Dr-Goonetilleke-s-appeal-to-States/14-797668	en	dailyftlk	1790212019.0
lk_news	2026-09-24-dailyftlk-94dc2ca4	dailyftlk-94dc2ca4	2026-09-24	SJB-UNP rapprochement, AKD-NPP’s punitive overdrive and foreign relations folly	https://www.ft.lk/columns/SJB-UNP-rapprochement-AKD-NPP-s-punitive-overdrive-and-foreign-relations-folly/4-797667	en	dailyftlk	1790211751.0
lk_news	2026-09-24-dailyftlk-0a89e1e8	dailyftlk-0a89e1e8	2026-09-24	Inflation: Balancing optimism with realism	https://www.ft.lk/columns/Inflation-Balancing-optimism-with-realism/4-797666	en	dailyftlk	1790210923.0
lk_news	2026-09-24-adalk-1e295b5c	adalk-1e295b5c	2026-09-24	Visa මෙරට SME ඩිජිටල් පරිවර්තනය වේගවත් කරයි	https://www.ada.lk/business/Visa-මෙරට-SME-ඩිජිටල්-පරිවර්තනය-වේගවත්-කරයි/7-424344	si	adalk	1790210585.0
lk_news	2026-09-24-adalk-7f7f8c62	adalk-7f7f8c62	2026-09-24	මහජන බැංකු YES CASH CANIVAL ජයග්‍රාහකයන්	https://www.ada.lk/business/මහජන-බැංකු-YES-CASH-CANIVAL-ජයග්‍රාහකයන්/7-424343	si	adalk	1790210526.0
lk_news	2026-09-24-adalk-48ba60c8	adalk-48ba60c8	2026-09-24	මහජන බැංකු YES CASH CANIVAL ජ්‍යග්‍රාහකයන්	https://www.ada.lk/business/මහජන-බැංකු-YES-CASH-CANIVAL-ජ්‍යග්‍රාහකයන්/7-424343	si	adalk	1790210526.0
lk_news	2026-09-24-dailyftlk-7026b898	dailyftlk-7026b898	2026-09-24	Capital Gains Tax takes sharp turn: What  Sri Lanka’s new 2026 rates mean for investors	https://www.ft.lk/columns/Capital-Gains-Tax-takes-sharp-turn-What-Sri-Lanka-s-new-2026-rates-mean-for-investors/4-797664	en	dailyftlk	1790208898.0
lk_news	2026-09-24-dailyftlk-cee6b170	dailyftlk-cee6b170	2026-09-24	Sri Lanka’s Islamic finance and ESG: Aligning ethical principles with sustainable development	https://www.ft.lk/columns/Sri-Lanka-s-Islamic-finance-and-ESG-Aligning-ethical-principles-with-sustainable-development/4-797663	en	dailyftlk	1790208422.0
lk_news	2026-09-24-dailyftlk-bcc03e2a	dailyftlk-bcc03e2a	2026-09-24	ITAK seeks India, US help to save Anojan from Saudi death penalty	https://www.ft.lk/news/ITAK-seeks-India-US-help-to-save-Anojan-from-Saudi-death-penalty/56-797661	en	dailyftlk	1790208108.0
lk_news	2026-09-24-dailyftlk-89fb5cb7	dailyftlk-89fb5cb7	2026-09-24	New anti-terror Bill gazetted to replace PTA	https://www.ft.lk/news/New-anti-terror-Bill-gazetted-to-replace-PTA/56-797660	en	dailyftlk	1790208055.0
lk_news	2026-09-24-dailyftlk-9ad4afaa	dailyftlk-9ad4afaa	2026-09-24	Customs goes paperless from 1 Oct.	https://www.ft.lk/news/Customs-goes-paperless-from-1-Oct/56-797659	en	dailyftlk	1790208042.0
lk_news	2026-09-23-adalk-eed4e3fa	adalk-eed4e3fa	2026-09-23	විචක්ෂණශීලී ප්‍රතිපත්ති සහ ප්‍රතිසංස්කරණ අවශ්‍යයි - IMF	https://www.ada.lk/business/විචක්ෂණශීලී-ප්‍රතිපත්ති-සහ-ප්‍රතිසංස්කරණ-අවශ්‍යයි---IMF/7-424342	si	adalk	1790179878.0
lk_news	2026-09-23-dailymirrorlk-c247d28b	dailymirrorlk-c247d28b	2026-09-23	Sri Lanka Easter attacks convicts to challenge 200-year jail terms	https://www.dailymirror.lk/breaking-news/Sri-Lanka-Easter-attacks-convicts-to-challenge-200-year-jail-terms/108-350999	en	dailymirrorlk	1790178798.0
lk_news	2026-09-23-dailymirrorlk-6696bb62	dailymirrorlk-6696bb62	2026-09-23	One dead, two injured in Moratuwa Soysapura Housing Complex fire	https://www.dailymirror.lk/breaking-news/One-dead-two-injured-in-Moratuwa-Soysapura-Housing-Complex-fire/108-350998	en	dailymirrorlk	1790175838.0
lk_news	2026-09-23-dailymirrorlk-3681c3de	dailymirrorlk-3681c3de	2026-09-23	Navy Commander visits Northern Naval Command	https://www.dailymirror.lk/caption-story/Navy-Commander-visits-Northern-Naval-Command/110-350997	en	dailymirrorlk	1790175493.0
lk_news	2026-09-23-dailymirrorlk-82e4f5a6	dailymirrorlk-82e4f5a6	2026-09-23	CSE extends rebound as ASPI holds above 21,000	https://www.dailymirror.lk/breaking-news/CSE-extends-rebound-as-ASPI-holds-above-21-000/108-350996	en	dailymirrorlk	1790172232.0
lk_news	2026-09-23-dailymirrorlk-835f6c9f	dailymirrorlk-835f6c9f	2026-09-23	Deep depression to cross coastal areas of India tonight: Met. Department	https://www.dailymirror.lk/breaking-news/Deep-depression-to-cross-coastal-areas-of-India-tonight-Met-Department/108-350995	en	dailymirrorlk	1790170855.0
lk_news	2026-09-23-dailymirrorlk-d71bc1bb	dailymirrorlk-d71bc1bb	2026-09-23	Sectoral Oversight Committee approves 22A, Judicature Amendment Bills	https://www.dailymirror.lk/breaking-news/Sectoral-Oversight-Committee-approves-22A-Judicature-Amendment-Bills/108-350994	en	dailymirrorlk	1790167081.0
lk_news	2026-09-23-dailymirrorlk-8d98a004	dailymirrorlk-8d98a004	2026-09-23	Parliament approves Rs. 17.2 bn supplementary estimate for electricity relief	https://www.dailymirror.lk/breaking-news/Parliament-approves-Rs-17-2-bn-supplementary-estimate-for-electricity-relief/108-350993	en	dailymirrorlk	1790165977.0
lk_news	2026-09-23-dailymirrorlk-b486f0ca	dailymirrorlk-b486f0ca	2026-09-23	Public assistance sought to trace suspect wanted for child abuse	https://www.dailymirror.lk/breaking-news/Public-assistance-sought-to-trace-suspect-wanted-for-child-abuse/108-350992	en	dailymirrorlk	1790165474.0
lk_news	2026-09-23-dailymirrorlk-762d73e0	dailymirrorlk-762d73e0	2026-09-23	BASL calls for conscience vote by MPs on 22A	https://www.dailymirror.lk/breaking-news/BASL-calls-for-conscience-vote-by-MPs-on-22A/108-350991	en	dailymirrorlk	1790163622.0
lk_news	2026-09-23-dailymirrorlk-299dddd0	dailymirrorlk-299dddd0	2026-09-23	MP urges action over schoolchildren’s participation in LTTE cadre commemoration	https://www.dailymirror.lk/breaking-news/MP-urges-action-over-schoolchildrens-participation-in-LTTE-cadre-commemoration/108-350990	en	dailymirrorlk	1790162599.0
lk_news	2026-09-23-adalk-d03222d1	adalk-d03222d1	2026-09-23	ආබාධ සහිත පුද්ගලයන්ට රියදුරු බලපත්‍ර ලබාගැනීම පහසු කිරීමට පියවර	https://www.ada.lk/breaking_news/ආබාධ-සහිත-පුද්ගලයන්ට-රියදුරු-බලපත්‍ර-ලබාගැනීම-පහසු-කිරීමට-පියවර/11-424341	si	adalk	1790160915.0
lk_news	2026-09-23-adalk-1e89afd1	adalk-1e89afd1	2026-09-23	විදුහල්පති සේවයේ වැටුප් විෂමතා විසඳීමට අනුකාරක සභාවක්	https://www.ada.lk/breaking_news/විදුහල්පති-සේවයේ-වැටුප්-විෂමතා-විසඳීමට-අනුකාරක-සභාවක්/11-424340	si	adalk	1790160146.0
lk_news	2026-09-23-dailymirrorlk-04009c45	dailymirrorlk-04009c45	2026-09-23	Oil holds near two-week lows while diesel cracks hit record peak	https://www.dailymirror.lk/international/Oil-holds-near-two-week-lows-while-diesel-cracks-hit-record-peak/107-350989	en	dailymirrorlk	1790159567.0
lk_news	2026-09-23-dailymirrorlk-21f94998	dailymirrorlk-21f94998	2026-09-23	Sri Lanka Customs to enter paperless era from October 1	https://www.dailymirror.lk/breaking-news/Sri-Lanka-Customs-to-enter-paperless-era-from-October-1/108-350988	en	dailymirrorlk	1790159387.0
lk_news	2026-09-23-adalk-56bc4d59	adalk-56bc4d59	2026-09-23	ත්‍රස්තවාදයෙන් රාජ්‍ය ආරක්ෂා කිරීමේ පනත ගැසට් කෙරේ	https://www.ada.lk/breaking_news/ත්‍රස්තවාදයෙන්-රාජ්‍ය-ආරක්ෂා-කිරීමේ-පනත-ගැසට්-කෙරේ/11-424339	si	adalk	1790158876.0
lk_news	2026-09-23-dailymirrorlk-afce4635	dailymirrorlk-afce4635	2026-09-23	Ex-Maldives President Nasheed offers help in Sivarasa Anojan case	https://www.dailymirror.lk/breaking-news/Ex-Maldives-President-Nasheed-offers-help-in-Sivarasa-Anojan-case/108-350987	en	dailymirrorlk	1790158841.0
lk_news	2026-09-23-adalk-a16151d3	adalk-a16151d3	2026-09-23	මෙයා ගැන දන්නවනම් පොලීසියට කියන්න	https://www.ada.lk/breaking_news/මෙයා-ගැන-දන්නවනම්-පොලීසියට-කියන්න/11-424338	si	adalk	1790158578.0
lk_news	2026-09-23-adalk-6fe7c28b	adalk-6fe7c28b	2026-09-23	ඇමෙරිකාව හා ඉරානය සාකච්ඡා මාර්ගයට	https://www.ada.lk/breaking_news/ඇමෙරිකාව-හා-ඉරානය-සාකච්ඡා-මාර්ගයට/11-424337	si	adalk	1790156541.0
lk_news	2026-09-23-adalk-e14b65b6	adalk-e14b65b6	2026-09-23	නාමල් යළි රිමාන්ඩ්	https://www.ada.lk/breaking_news/නාමල්-යළි-රිමාන්ඩ්/11-424336	si	adalk	1790155907.0
lk_news	2026-09-23-dailymirrorlk-4a66b602	dailymirrorlk-4a66b602	2026-09-23	More than 170,000 respiratory cases recorded in haze-choked Indonesia	https://www.dailymirror.lk/international/More-than-170-000-respiratory-cases-recorded-in-haze-choked-Indonesia/107-350985	en	dailymirrorlk	1790155168.0
lk_news	2026-09-23-dailymirrorlk-5c1da939	dailymirrorlk-5c1da939	2026-09-23	Namal Rajapaksa further remanded	https://www.dailymirror.lk/breaking-news/Namal-Rajapaksa-further-remanded/108-350983	en	dailymirrorlk	1790153898.0
lk_news	2026-09-23-dailymirrorlk-b9093a37	dailymirrorlk-b9093a37	2026-09-23	CAA cracks down on baby diaper imports without importer details	https://www.dailymirror.lk/breaking-news/CAA-cracks-down-on-baby-diaper-imports-without-importer-details/108-350982	en	dailymirrorlk	1790153422.0
lk_news	2026-09-23-dailymirrorlk-cc6f6937	dailymirrorlk-cc6f6937	2026-09-23	Sri Lanka lost 10,000 foreign jobs due to corruption, poor handling: SLBFE Chairman	https://www.dailymirror.lk/breaking-news/Sri-Lanka-lost-10-000-foreign-jobs-due-to-corruption-poor-handling-SLBFE-Chairman/108-350981	en	dailymirrorlk	1790153176.0
lk_news	2026-09-23-dailymirrorlk-f3febba9	dailymirrorlk-f3febba9	2026-09-23	Route permits of buses found running on kerosene to be suspended	https://www.dailymirror.lk/breaking-news/Route-permits-of-buses-found-running-on-kerosene-to-be-suspended/108-350980	en	dailymirrorlk	1790153001.0
lk_news	2026-09-23-adalk-9543e10a	adalk-9543e10a	2026-09-23	මෙරට ජංගම දත්ත භාවිතය පසුගිය වසරට වඩා සියයට 31කින් ඉහළට	https://www.ada.lk/business/මෙරට-ජංගම-දත්ත-භාවිතය-පසුගිය-වසරට-වඩා-සියයට-31කින්-ඉහළට/7-424335	si	adalk	1790152837.0
lk_news	2026-09-23-adalk-36479cf7	adalk-36479cf7	2026-09-23	කොමර්ෂල් හොඳම බැංකුව සහ හොඳම ESG බැංකුව ලෙස යුරෝමනි අභිෂේකයට­	https://www.ada.lk/business/කොමර්ෂල්-හොඳම-බැංකුව-සහ-හොඳම-ESG-බැංකුව-ලෙස-යුරෝමනි-අභිෂේකයට­/7-424334	si	adalk	1790152741.0
lk_news	2026-09-23-dailymirrorlk-ef22650e	dailymirrorlk-ef22650e	2026-09-23	UK digital expertise and Sri Lankan business leaders unite to explore growth through technology	https://www.dailymirror.lk/breaking-news/UK-digital-expertise-and-Sri-Lankan-business-leaders-unite-to-explore-growth-through-technology/108-350979	en	dailymirrorlk	1790152163.0
lk_news	2026-09-23-dailymirrorlk-f1f1f220	dailymirrorlk-f1f1f220	2026-09-23	US and Iran hold first talks since June after Trump’s ’annihilation’ threat	https://www.dailymirror.lk/international/US-and-Iran-hold-first-talks-since-June-after-Trumps-annihilation-threat/107-350975	en	dailymirrorlk	1790148009.0
lk_news	2026-09-23-dailymirrorlk-bf2508b2	dailymirrorlk-bf2508b2	2026-09-23	Inquiry launched into clash between Harak Kata and Kehelbaddara Padme	https://www.dailymirror.lk/breaking-news/Inquiry-launched-into-clash-between-Harak-Kata-and-Kehelbaddara-Padme/108-350974	en	dailymirrorlk	1790147626.0
lk_news	2026-09-23-dailymirrorlk-2b07006f	dailymirrorlk-2b07006f	2026-09-23	Speaker endorses Bill to repeal  post of Chief of Defence Staff	https://www.dailymirror.lk/breaking-news/Speaker-endorses-Bill-to-repeal-post-of-Chief-of-Defence-Staff/108-350968	en	dailymirrorlk	1790145146.0
lk_news	2026-09-23-dailymirrorlk-6dbffba4	dailymirrorlk-6dbffba4	2026-09-23	Three new High Court Judges appointed	https://www.dailymirror.lk/breaking-news/Three-new-High-Court-Judges-appointed/108-350966	en	dailymirrorlk	1790144966.0
lk_news	2026-09-23-dailymirrorlk-b97545c0	dailymirrorlk-b97545c0	2026-09-23	Inclement weather in central hills	https://www.dailymirror.lk/breaking-news/Inclement-weather-in-central-hills/108-350963	en	dailymirrorlk	1790144596.0
lk_news	2026-09-23-adalk-38b4a504	adalk-38b4a504	2026-09-23	සීට් එකේ පාද තිබ්බොත්, බස් රියේ ආහාර ගත්තොත්, අපද්‍රව්‍ය දැම්මොත් දඩ	https://www.ada.lk/breaking_news/සීට්-එකේ-පාද-තිබ්බොත්--බස්-රියේ-ආහාර-ගත්තොත්--අපද්‍රව්‍ය-දැම්මොත්-දඩ/11-424333	si	adalk	1790144298.0
lk_news	2026-09-23-adalk-96816c94	adalk-96816c94	2026-09-23	පිරිවැය-ප්‍රතිසාධන බලශක්ති මිලකරණයක් අවශ්‍යයි	https://www.ada.lk/breaking_news/පිරිවැය-ප්‍රතිසාධන-බලශක්ති-මිලකරණයක්-අවශ්‍යයි/11-424332	si	adalk	1790143912.0
lk_news	2026-09-23-dailymirrorlk-4f1b7aff	dailymirrorlk-4f1b7aff	2026-09-23	22A to be approved by Parliament on Friday	https://www.dailymirror.lk/breaking-news/22A-to-be-approved-by-Parliament-on-Friday/108-350959	en	dailymirrorlk	1790143864.0
lk_news	2026-09-23-dailymirrorlk-bf154630	dailymirrorlk-bf154630	2026-09-23	IMF urges Sri Lanka to stay the course on economic reforms	https://www.dailymirror.lk/breaking-news/IMF-urges-Sri-Lanka-to-stay-the-course-on-economic-reforms/108-350958	en	dailymirrorlk	1790143204.0
lk_news	2026-09-23-adalk-cff37605	adalk-cff37605	2026-09-23	ආරක්ෂක මාණ්ඩලික ප්‍රධානී කාර්යාලයේ දේපළ ආරක්ෂක අමාත්‍යවරයා යටතට	https://www.ada.lk/breaking_news/ආරක්ෂක-මාණ්ඩලික-ප්‍රධානී-කාර්යාලයේ-දේපළ-ආරක්ෂක-අමාත්‍යවරයා-යටතට/11-424331	si	adalk	1790142996.0
lk_news	2026-09-23-dailymirrorlk-f4d1b181	dailymirrorlk-f4d1b181	2026-09-23	Court reduces sentence of couple convicted of procuring Russian woman	https://www.dailymirror.lk/breaking-news/Court-reduces-sentence-of-couple-convicted-of-procuring-Russian-woman/108-350957	en	dailymirrorlk	1790142716.0
lk_news	2026-09-23-dailymirrorlk-cd8b705e	dailymirrorlk-cd8b705e	2026-09-23	Couple arrested as assets worth Rs. 47.5 Mn frozen in money laundering probe	https://www.dailymirror.lk/breaking-news/Couple-arrested-as-assets-worth-Rs-47-5-Mn-frozen-in-money-laundering-probe/108-350956	en	dailymirrorlk	1790141792.0
lk_news	2026-09-23-dailymirrorlk-cc67142b	dailymirrorlk-cc67142b	2026-09-23	Driving licence medicals go digital from tomorrow	https://www.dailymirror.lk/breaking-news/Driving-licence-medicals-go-digital-from-tomorrow/108-350955	en	dailymirrorlk	1790141009.0
lk_news	2026-09-23-dailymirrorlk-78740c74	dailymirrorlk-78740c74	2026-09-23	5,741-km elephant fence gets major resource boost	https://www.dailymirror.lk/breaking-news/5-741-km-elephant-fence-gets-major-resource-boost/108-350954	en	dailymirrorlk	1790140779.0
lk_news	2026-09-23-dailymirrorlk-10b624fd	dailymirrorlk-10b624fd	2026-09-23	Govt. gazettes ‘Protection of the State from Terrorism’ Bill to replace PTA	https://www.dailymirror.lk/breaking-news/Govt-gazettes-Protection-of-the-State-from-Terrorism-Bill-to-replace-PTA/108-350953	en	dailymirrorlk	1790138156.0
lk_news	2026-09-23-dailymirrorlk-b3f2b1c7	dailymirrorlk-b3f2b1c7	2026-09-23	Dickwella returns to T20I Squad after five years	https://www.dailymirror.lk/breaking-news/Dickwella-returns-to-T20I-Squad-after-five-years/108-350952	en	dailymirrorlk	1790137548.0
lk_news	2026-09-23-dailymirrorlk-0e3a1c29	dailymirrorlk-0e3a1c29	2026-09-23	Suspect arrested over Rs. 24.85 Billion foreign currency transfer	https://www.dailymirror.lk/breaking-news/Suspect-arrested-over-Rs-24-85-Billion-foreign-currency-transfer/108-350951	en	dailymirrorlk	1790136508.0
lk_news	2026-09-23-dailymirrorlk-0781cbc6	dailymirrorlk-0781cbc6	2026-09-23	Catholic Church  expects satisfactory judgements on other cases pertaining to Easter Sunday attacks	https://www.dailymirror.lk/breaking-news/Catholic-Church-expects-satisfactory-judgements-on-other-cases-pertaining-to-Easter-Sunday-attacks/108-350950	en	dailymirrorlk	1790136370.0
lk_news	2026-09-23-dailymirrorlk-928b93cf	dailymirrorlk-928b93cf	2026-09-23	Fitch upgrade lifts CSE as ASPI rebounds above 21,000	https://www.dailymirror.lk/breaking-news/Fitch-upgrade-lifts-CSE-as-ASPI-rebounds-above-21-000/108-350949	en	dailymirrorlk	1790135813.0
lk_news	2026-09-23-dailymirrorlk-53fa0e3e	dailymirrorlk-53fa0e3e	2026-09-23	Trump threatens to annihilate Iran as diplomats push for deal at UN	https://www.dailymirror.lk/international/Trump-threatens-to-annihilate-Iran-as-diplomats-push-for-deal-at-UN/107-350948	en	dailymirrorlk	1790135694.0
lk_news	2026-09-23-dailymirrorlk-03b2c9b1	dailymirrorlk-03b2c9b1	2026-09-23	CBSL orders asset freeze on six companies	https://www.dailymirror.lk/breaking-news/CBSL-orders-asset-freeze-on-six-companies/108-350947	en	dailymirrorlk	1790135503.0
lk_news	2026-09-23-adalk-387f6b1e	adalk-387f6b1e	2026-09-23	ඉරානය විනාශ කරන බවට ට්‍රම්ප්ගෙන් යළිත් තර්ජනයක්	https://www.ada.lk/breaking_news/ඉරානය-විනාශ-කරන-බවට-ට්‍රම්ප්ගෙන්-යළිත්-තර්ජනයක්/11-424330	si	adalk	1790130649.0
lk_news	2026-09-23-dailymirrorlk-bc3d8475	dailymirrorlk-bc3d8475	2026-09-23	Is Nature Finally Striking Back at Us?	https://www.dailymirror.lk/news-features/Is-Nature-Finally-Striking-Back-at-Us/131-350945	en	dailymirrorlk	1790130184.0
lk_news	2026-09-23-adalk-2bc00378	adalk-2bc00378	2026-09-23	තද වැසි ගැන අවවාදාත්මක නිවේදනයක්	https://www.ada.lk/breaking_news/තද-වැසි-ගැන-අවවාදාත්මක-නිවේදනයක්/11-424329	si	adalk	1790130112.0
lk_news	2026-09-23-adalk-da35c979	adalk-da35c979	2026-09-23	එල් නිනෝව තවත් ප්‍රභල වෙමින් පැසිෆික් සාගරයේ උෂ්ණත්වය ඉහළට	https://www.ada.lk/breaking_news/එල්-නිනෝව-තවත්-ප්‍රභල-වෙමින්-පැසිෆික්-සාගරයේ-උෂ්ණත්වය-ඉහළට/11-424328	si	adalk	1790129513.0
lk_news	2026-09-23-adalk-bb6169d0	adalk-bb6169d0	2026-09-23	මහ බැංකුවෙන් මහජනතාවට දැඩි උපදෙසක්	https://www.ada.lk/breaking_news/මහ-බැංකුවෙන්-මහජනතාවට-දැඩි-උපදෙසක්/11-424327	si	adalk	1790129124.0
lk_news	2026-09-23-adalk-819f9aa2	adalk-819f9aa2	2026-09-23	කසාගල ග්‍රීන් හා සිලෝන් ග්‍රීන් ලයිෆ් ඇතුළු සමාගම් හයක වත්කම් තහනම් කරයි	https://www.ada.lk/breaking_news/කසාගල-ග්‍රීන්-හා-සිලෝන්-ග්‍රීන්-ලයිෆ්-ඇතුළු-සමාගම්-හයක-වත්කම්-තහනම්-කරයි/11-424326	si	adalk	1790128425.0
lk_news	2026-09-23-adalk-03959906	adalk-03959906	2026-09-23	පාස්කු මහ නඩුවේ චූදිතයන්ට වසර 200කට අධික සිර දඩුවම්	https://www.ada.lk/breaking_news/පාස්කු-මහ-නඩුවේ-චූදිතයන්ට-වසර-200කට-අධික-සිර-දඩුවම්/11-424325	si	adalk	1790127849.0
lk_news	2026-09-23-dailymirrorlk-4aea918b	dailymirrorlk-4aea918b	2026-09-23	Easter Sunday Attack Verdict:  More a moment of reckoning than a closure	https://www.dailymirror.lk/opinion/Easter-Sunday-Attack-Verdict-More-a-moment-of-reckoning-than-a-closure/172-350942	en	dailymirrorlk	1790127781.0
lk_news	2026-09-23-dailymirrorlk-31f6cf74	dailymirrorlk-31f6cf74	2026-09-23	AKD’s two years and beyond	https://www.dailymirror.lk/opinion/AKDs-two-years-and-beyond/172-350940	en	dailymirrorlk	1790127090.0
lk_news	2026-09-23-dailymirrorlk-fe516969	dailymirrorlk-fe516969	2026-09-23	Easter Sunday attacks: People need to  know the truth	https://www.dailymirror.lk/opinion/Easter-Sunday-attacks-People-need-to-know-the-truth/172-350939	en	dailymirrorlk	1790127028.0
lk_news	2026-09-23-dailymirrorlk-939cc396	dailymirrorlk-939cc396	2026-09-23	Sri Lanka back in ‘B’ league	https://www.dailymirror.lk/business-main/Sri-Lanka-back-in-B-league/245-350938	en	dailymirrorlk	1790126548.0
lk_news	2026-09-23-dailymirrorlk-d8f6c0cd	dailymirrorlk-d8f6c0cd	2026-09-23	FITIS to hold  ‘Sri Lanka Digital Day 2026’ in November	https://www.dailymirror.lk/business-news/FITIS-to-hold-Sri-Lanka-Digital-Day-2026-in-November/273-350937	en	dailymirrorlk	1790126329.0
lk_news	2026-09-23-dailymirrorlk-b66f8a67	dailymirrorlk-b66f8a67	2026-09-23	LMFN chief urges microfinance sector to embrace regulation as ally of growth	https://www.dailymirror.lk/business-news/LMFN-chief-urges-microfinance-sector-to-embrace-regulation-as-ally-of-growth/273-350936	en	dailymirrorlk	1790125861.0
lk_news	2026-09-23-dailymirrorlk-4b0af813	dailymirrorlk-4b0af813	2026-09-23	Sri Lanka has little room for tax hikes or cuts: IPS	https://www.dailymirror.lk/business-news/Sri-Lanka-has-little-room-for-tax-hikes-or-cuts-IPS/273-350935	en	dailymirrorlk	1790125672.0
lk_news	2026-09-23-dailymirrorlk-ce6cc79b	dailymirrorlk-ce6cc79b	2026-09-23	Vidullanka-led  consortium leads  Rs. 5bn transmission tender	https://www.dailymirror.lk/business-news/Vidullanka-led-consortium-leads-Rs-5bn-transmission-tender/273-350934	en	dailymirrorlk	1790125519.0
lk_news	2026-09-23-dailymirrorlk-a5b61115	dailymirrorlk-a5b61115	2026-09-23	Yield curve slips by 10-15bps following sovereign rating upgrade	https://www.dailymirror.lk/business-news/Yield-curve-slips-by-10-15bps-following-sovereign-rating-upgrade/273-350933	en	dailymirrorlk	1790125422.0
lk_news	2026-09-23-dailymirrorlk-821a32a1	dailymirrorlk-821a32a1	2026-09-23	Indices close in green	https://www.dailymirror.lk/business-news/Indices-close-in-green/273-350932	en	dailymirrorlk	1790125062.0
lk_news	2026-09-23-dailymirrorlk-72416f8f	dailymirrorlk-72416f8f	2026-09-23	Planters’ Association’s incoming chief proposes 5 - point plan for industry revival at AGM	https://www.dailymirror.lk/business-news/Planters-Associations-incoming-chief-proposes-5-point-plan-for-industry-revival-at-AGM/273-350931	en	dailymirrorlk	1790124972.0
lk_news	2026-09-23-dailymirrorlk-8e42c4bd	dailymirrorlk-8e42c4bd	2026-09-23	Correction	https://www.dailymirror.lk/business-news/Correction/273-350930	en	dailymirrorlk	1790124769.0
lk_news	2026-09-23-dailymirrorlk-5c885c79	dailymirrorlk-5c885c79	2026-09-23	SLIIT Int’l-Liverpool John Moores University inaugurate learning facility in Colombo	https://www.dailymirror.lk/business-news/SLIIT-Intl-Liverpool-John-Moores-University-inaugurate-learning-facility-in-Colombo/273-350929	en	dailymirrorlk	1790124689.0
lk_news	2026-09-23-dailymirrorlk-b65ea4ec	dailymirrorlk-b65ea4ec	2026-09-23	DBL introduces Dongcheng hand tools	https://www.dailymirror.lk/business-news/DBL-introduces-Dongcheng-hand-tools/273-350928	en	dailymirrorlk	1790124516.0
lk_news	2026-09-23-dailymirrorlk-075757c5	dailymirrorlk-075757c5	2026-09-23	Omega Traders marks 45 years	https://www.dailymirror.lk/business-news/Omega-Traders-marks-45-years/273-350927	en	dailymirrorlk	1790124391.0
lk_news	2026-09-23-dailymirrorlk-bf67dd39	dailymirrorlk-bf67dd39	2026-09-23	People’s Bank YES Cash Carnival Draw rewards 25 customers	https://www.dailymirror.lk/business-news/Peoples-Bank-YES-Cash-Carnival-Draw-rewards-25-customers/273-350926	en	dailymirrorlk	1790124209.0
lk_news	2026-09-23-dailymirrorlk-c77a0e57	dailymirrorlk-c77a0e57	2026-09-23	Prime Lands receives YouTube Silver Play Button	https://www.dailymirror.lk/business-news/Prime-Lands-receives-YouTube-Silver-Play-Button/273-350925	en	dailymirrorlk	1790123733.0
lk_news	2026-09-23-dailymirrorlk-293736b5	dailymirrorlk-293736b5	2026-09-23	FiNAC HR Optimizer more relevant today: Datamation Chief	https://www.dailymirror.lk/business-news/FiNAC-HR-Optimizer-more-relevant-today-Datamation-Chief/273-350924	en	dailymirrorlk	1790123566.0
lk_news	2026-09-23-dailymirrorlk-ff4920e8	dailymirrorlk-ff4920e8	2026-09-23	Aberdeen Holdings achieves carbon neutral certification	https://www.dailymirror.lk/business-news/Aberdeen-Holdings-achieves-carbon-neutral-certification/273-350923	en	dailymirrorlk	1790123432.0
lk_news	2026-09-23-dailyftlk-a7569350	dailyftlk-a7569350	2026-09-23	President refers Court of Appeal judges’ appointments to Constitutional Council	https://www.ft.lk/news/President-refers-Court-of-Appeal-judges-appointments-to-Constitutional-Council/56-797636	en	dailyftlk	1790120913.0
lk_news	2026-09-23-dailyftlk-398f75e5	dailyftlk-398f75e5	2026-09-23	Ambeon Capital partners Indian firms to open India-Sri Lanka investment desks, launch dedicated fund	https://www.ft.lk/business/Ambeon-Capital-partners-Indian-firms-to-open-India-Sri-Lanka-investment-desks-launch-dedicated-fund/34-797635	en	dailyftlk	1790120748.0
lk_news	2026-09-23-dailyftlk-1c100ed3	dailyftlk-1c100ed3	2026-09-23	Govt. to take full ownership of Neville Fernando Hospital, SLAF to manage operations	https://www.ft.lk/business/Govt-to-take-full-ownership-of-Neville-Fernando-Hospital-SLAF-to-manage-operations/34-797634	en	dailyftlk	1790120670.0
lk_news	2026-09-23-dailyftlk-65af8218	dailyftlk-65af8218	2026-09-23	Cabinet approves three road contracts worth Rs. 2.12 b	https://www.ft.lk/business/Cabinet-approves-three-road-contracts-worth-Rs-2-12-b/34-797633	en	dailyftlk	1790120632.0
lk_news	2026-09-23-dailyftlk-53ba88a1	dailyftlk-53ba88a1	2026-09-23	Chamber of Marine Industries appoints Ricky Barnett as new Chairman at AGM in Colombo	https://www.ft.lk/business/Chamber-of-Marine-Industries-appoints-Ricky-Barnett-as-new-Chairman-at-AGM-in-Colombo/34-797632	en	dailyftlk	1790120557.0
lk_news	2026-09-23-dailyftlk-d2543048	dailyftlk-d2543048	2026-09-23	CEAT Kelani retains Fitch AA+ rating for sixth consecutive year	https://www.ft.lk/business/CEAT-Kelani-retains-Fitch-AA-rating-for-sixth-consecutive-year/34-797631	en	dailyftlk	1790120413.0
lk_news	2026-09-23-dailyftlk-33d6abb9	dailyftlk-33d6abb9	2026-09-23	Understanding Sri Lanka’s startup funding ladder and why the right capital matters	https://www.ft.lk/columns/Understanding-Sri-Lanka-s-startup-funding-ladder-and-why-the-right-capital-matters/4-797621	en	dailyftlk	1790118462.0
lk_news	2026-09-23-dailyftlk-c0badafd	dailyftlk-c0badafd	2026-09-23	Sri Lanka Living Lab: Moving from commodities to agility in VUCA world	https://www.ft.lk/columns/Sri-Lanka-Living-Lab-Moving-from-commodities-to-agility-in-VUCA-world/4-797620	en	dailyftlk	1790118069.0
lk_news	2026-09-23-dailyftlk-5f733957	dailyftlk-5f733957	2026-09-23	Sri Lanka’s next cybersecurity strategy should assume the hacker gets in	https://www.ft.lk/columns/Sri-Lanka-s-next-cybersecurity-strategy-should-assume-the-hacker-gets-in/4-797619	en	dailyftlk	1790117674.0
lk_news	2026-09-23-dailyftlk-fb2b3e12	dailyftlk-fb2b3e12	2026-09-23	Tribute to Nihal Rodrigo and family: A friendship beyond boundaries	https://www.ft.lk/columns/Tribute-to-Nihal-Rodrigo-and-family-A-friendship-beyond-boundaries/4-797615	en	dailyftlk	1790116312.0
lk_news	2026-09-23-dailyftlk-ac939d40	dailyftlk-ac939d40	2026-09-23	Beyond crisis: Sectoral paths to durable growth	https://www.ft.lk/opinion/Beyond-crisis-Sectoral-paths-to-durable-growth/14-797613	en	dailyftlk	1790115844.0
lk_news	2026-09-22-dailymirrorlk-fe05fc00	dailymirrorlk-fe05fc00	2026-09-22	15 convicted in Easter Sunday case, each handed 220-year sentence	https://www.dailymirror.lk/breaking-news/15-convicted-in-Easter-Sunday-case-each-handed-220-year-sentence/108-350922	en	dailymirrorlk	1790099806.0
lk_news	2026-09-22-dailymirrorlk-1e741f99	dailymirrorlk-1e741f99	2026-09-22	15 convicted over Easter attacks get sentences ranging from 200 to 260 years	https://www.dailymirror.lk/breaking-news/15-convicted-over-Easter-attacks-get-sentences-ranging-from-200-to-260-years/108-350922	en	dailymirrorlk	1790099806.0
lk_news	2026-09-22-dailymirrorlk-1d3f3f4a	dailymirrorlk-1d3f3f4a	2026-09-22	Was negligence behind former Ampara hospital director’s death?	https://www.dailymirror.lk/breaking-news/Was-negligence-behind-former-Ampara-hospital-directors-death/108-350921	en	dailymirrorlk	1790090918.0
lk_news	2026-09-22-dailymirrorlk-36ca3bdb	dailymirrorlk-36ca3bdb	2026-09-22	Certain passengers exempt from seat-belt requirement on expressways: Police	https://www.dailymirror.lk/breaking-news/Certain-passengers-exempt-from-seat-belt-requirement-on-expressways-Police/108-350920	en	dailymirrorlk	1790090821.0
lk_news	2026-09-22-dailymirrorlk-5be7fe74	dailymirrorlk-5be7fe74	2026-09-22	Water supply to be suspended in several Anuradhapura areas tomorrow	https://www.dailymirror.lk/breaking-news/Water-supply-to-be-suspended-in-several-Anuradhapura-areas-tomorrow/108-350919	en	dailymirrorlk	1790089536.0
lk_news	2026-09-22-adalk-621108e7	adalk-621108e7	2026-09-22	පාස්කු මහ නඩුවේ 15ක් වරදකරුවන් කරයි	https://www.ada.lk/breaking_news/පාස්කු-මහ-නඩුවේ-15ක්-වරදකරුවන්-කරයි/11-424324	si	adalk	1790088891.0
lk_news	2026-09-22-dailymirrorlk-054353c8	dailymirrorlk-054353c8	2026-09-22	Vijitha Herath expresses condolences over death of Sheikh Ahmed bin Rashid Al Maktoum	https://www.dailymirror.lk/breaking-news/Vijitha-Herath-expresses-condolences-over-death-of-Sheikh-Ahmed-bin-Rashid-Al-Maktoum/108-350918	en	dailymirrorlk	1790086853.0
lk_news	2026-09-22-dailymirrorlk-53422894	dailymirrorlk-53422894	2026-09-22	Record-Breaking El Niño Surpasses Previous Benchmarks	https://www.dailymirror.lk/international/Record-Breaking-El-Niño-Surpasses-Previous-Benchmarks/107-350917	en	dailymirrorlk	1790084543.0
lk_news	2026-09-22-dailymirrorlk-fbc93a52	dailymirrorlk-fbc93a52	2026-09-22	British father admits causing toddler son’s death after fall from Cyprus hotel	https://www.dailymirror.lk/international/British-father-admits-causing-toddler-sons-death-after-fall-from-Cyprus-hotel/107-350916	en	dailymirrorlk	1790081244.0
lk_news	2026-09-22-dailymirrorlk-4d813fcd	dailymirrorlk-4d813fcd	2026-09-22	15 found guilty, 9 acquitted in Easter Sunday terror case	https://www.dailymirror.lk/breaking-news/15-found-guilty-9-acquitted-in-Easter-Sunday-terror-case/108-350915	en	dailymirrorlk	1790077901.0
lk_news	2026-09-22-dailymirrorlk-1b83c052	dailymirrorlk-1b83c052	2026-09-22	Heavy rainfall above 100mm expected in several areas	https://www.dailymirror.lk/breaking-news/Heavy-rainfall-above-100mm-expected-in-several-areas/108-350913	en	dailymirrorlk	1790076627.0
lk_news	2026-09-22-dailymirrorlk-02e616eb	dailymirrorlk-02e616eb	2026-09-22	Police probe Wimal’s remarks over possible contempt of court	https://www.dailymirror.lk/breaking-news/Police-probe-Wimals-remarks-over-possible-contempt-of-court/108-350912	en	dailymirrorlk	1790076407.0
lk_news	2026-09-22-adalk-45b008d8	adalk-45b008d8	2026-09-22	ජනපති රට වටේ ගිහින් අලුත් බොරුවක් කියනවා	https://www.ada.lk/breaking_news/ජනපති-රට-වටේ-ගිහින්-අලුත්-බොරුවක්-කියනවා/11-424323	si	adalk	1790075743.0
lk_news	2026-09-22-dailymirrorlk-1ae639a3	dailymirrorlk-1ae639a3	2026-09-22	President recommends two High Court judges for Court of Appeal	https://www.dailymirror.lk/breaking-news/President-recommends-two-High-Court-judges-for-Court-of-Appeal/108-350911	en	dailymirrorlk	1790075717.0
lk_news	2026-09-22-adalk-fdf99d5a	adalk-fdf99d5a	2026-09-22	ඊශ්‍රායලයට ඉදිකිරීම් රැකියාලාභීන් 133 දෙනකු පිටත්වෙයි	https://www.ada.lk/breaking_news/ඊශ්‍රායලයට-ඉදිකිරීම්-රැකියාලාභීන්-133-දෙනකු-පිටත්වෙයි/11-424322	si	adalk	1790074669.0
lk_news	2026-09-22-dailymirrorlk-8e9e35fc	dailymirrorlk-8e9e35fc	2026-09-22	Referendum cannot be called as a result of protests: Nalinda Jayatissa	https://www.dailymirror.lk/breaking-news/Referendum-cannot-be-called-as-a-result-of-protests-Nalinda-Jayatissa/108-350910	en	dailymirrorlk	1790074235.0
lk_news	2026-09-22-dailymirrorlk-c911da6b	dailymirrorlk-c911da6b	2026-09-22	Ex-Western Province Health Minister arrested	https://www.dailymirror.lk/breaking-news/Ex-Western-Province-Health-Minister-arrested/108-350909	en	dailymirrorlk	1790074138.0
lk_news	2026-09-22-dailymirrorlk-fd8580e4	dailymirrorlk-fd8580e4	2026-09-22	New Irrigation DG appointed	https://www.dailymirror.lk/breaking-news/New-Irrigation-DG-appointed/108-350908	en	dailymirrorlk	1790074031.0
lk_news	2026-09-22-adalk-b7ec3f78	adalk-b7ec3f78	2026-09-22	ඉන්ධන මිළට සංශෝධනයක්	https://www.ada.lk/breaking_news/ඉන්ධන-මිළට-සංශෝධනයක්/11-424321	si	adalk	1790074026.0
lk_news	2026-09-22-dailymirrorlk-8dcbe297	dailymirrorlk-8dcbe297	2026-09-22	Cabinet approves €4.93 million contract for 5 million NIC cards	https://www.dailymirror.lk/breaking-news/Cabinet-approves-4-93-million-contract-for-5-million-NIC-cards/108-350907	en	dailymirrorlk	1790073100.0
lk_news	2026-09-22-dailymirrorlk-bc6bebb1	dailymirrorlk-bc6bebb1	2026-09-22	133 construction workers to leave for Israel tomorrow	https://www.dailymirror.lk/breaking-news/133-construction-workers-to-leave-for-Israel-tomorrow/108-350906	en	dailymirrorlk	1790072902.0
lk_news	2026-09-22-dailymirrorlk-d1232cf9	dailymirrorlk-d1232cf9	2026-09-22	Navy builds Sri Lanka’s first waveless referee boat	https://www.dailymirror.lk/breaking-news/Navy-builds-Sri-Lankas-first-waveless-referee-boat/108-350904	en	dailymirrorlk	1790071636.0
lk_news	2026-09-22-dailymirrorlk-4376cdad	dailymirrorlk-4376cdad	2026-09-22	Blood donation during Nallur Festival	https://www.dailymirror.lk/caption-story/Blood-donation-during-Nallur-Festival/110-350903	en	dailymirrorlk	1790071469.0
lk_news	2026-09-22-adalk-eeac3dd4	adalk-eeac3dd4	2026-09-22	ලංකාවේ ණය ශ්‍රේණිගත කිරීම් ඉහළට	https://www.ada.lk/breaking_news/ලංකාවේ-ණය-ශ්‍රේණිගත-කිරීම්-ඉහළට/11-424320	si	adalk	1790070872.0
lk_news	2026-09-22-dailymirrorlk-7290493e	dailymirrorlk-7290493e	2026-09-22	SLINEX-26 ends with joint naval drills	https://www.dailymirror.lk/breaking-news/SLINEX-26-ends-with-joint-naval-drills/108-350902	en	dailymirrorlk	1790070842.0
lk_news	2026-09-22-dailymirrorlk-c49174cd	dailymirrorlk-c49174cd	2026-09-22	President telling new lies to mark second anniversary: Namal	https://www.dailymirror.lk/breaking-news/President-telling-new-lies-to-mark-second-anniversary-Namal/108-350901	en	dailymirrorlk	1790070636.0
lk_news	2026-09-22-dailymirrorlk-5317f430	dailymirrorlk-5317f430	2026-09-22	Flights at major US airports delayed after cable cut by construction workers	https://www.dailymirror.lk/international/Flights-at-major-US-airports-delayed-after-cable-cut-by-construction-workers/107-350900	en	dailymirrorlk	1790070522.0
lk_news	2026-09-22-adalk-9449e108	adalk-9449e108	2026-09-22	නව ක්‍රිකට් පනතට කැබිනට් අනුමැතිය	https://www.ada.lk/breaking_news/නව-ක්‍රිකට්-පනතට-කැබිනට්-අනුමැතිය/11-424319	si	adalk	1790070041.0
lk_news	2026-09-22-adalk-7f9b9a0e	adalk-7f9b9a0e	2026-09-22	පොත් ප්‍රදර්ශනයට එන අයට දැනුම් දීමක්	https://www.ada.lk/breaking_news/පොත්-ප්‍රදර්ශනයට-එන-අයට-දැනුම්-දීමක්/11-424318	si	adalk	1790069619.0
lk_news	2026-09-22-adalk-b59ac2e3	adalk-b59ac2e3	2026-09-22	“ආයුබෝ” නමින් නව ලොතරැයියක්	https://www.ada.lk/breaking_news/“ආයුබෝ”-නමින්-නව-ලොතරැයියක්/11-424317	si	adalk	1790069064.0
lk_news	2026-09-22-adalk-0151d779	adalk-0151d779	2026-09-22	දූෂණ විරෝධී පනතේ 17 වැනි වගන්තියට ජනමත විචාරණයක් ඕන	https://www.ada.lk/breaking_news/දූෂණ-විරෝධී-පනතේ-17-වැනි-වගන්තියට-ජනමත-විචාරණයක්-ඕන/11-424316	si	adalk	1790068673.0
lk_news	2026-09-22-dailymirrorlk-19724045	dailymirrorlk-19724045	2026-09-22	China company wins US$40.84M Muthurajawela aviation fuel contract	https://www.dailymirror.lk/breaking-news/China-company-wins-US-40-84M-Muthurajawela-aviation-fuel-contract/108-350898	en	dailymirrorlk	1790068455.0
lk_news	2026-09-22-adalk-126ecefc	adalk-126ecefc	2026-09-22	අධිකරණ සංවිධාන සංශෝධන පනත ආණ්ඩුක්‍රම ව්‍යවස්ථාවට පටහැනි නෑ	https://www.ada.lk/breaking_news/අධිකරණ-සංවිධාන-සංශෝධන-පනත-ආණ්ඩුක්‍රම-ව්‍යවස්ථාවට-පටහැනි-නෑ/11-424315	si	adalk	1790068445.0
lk_news	2026-09-22-dailymirrorlk-b208619f	dailymirrorlk-b208619f	2026-09-22	Bring reusable bags to Colombo Book Fair, CEA urges public	https://www.dailymirror.lk/breaking-news/Bring-reusable-bags-to-Colombo-Book-Fair-CEA-urges-public/108-350897	en	dailymirrorlk	1790068286.0
lk_news	2026-09-22-dailymirrorlk-574f447c	dailymirrorlk-574f447c	2026-09-22	Mustapha, Kumarapperuma offer free legal assistance in Anojan’s case	https://www.dailymirror.lk/breaking-news/Mustapha-Kumarapperuma-offer-free-legal-assistance-in-Anojans-case/108-350896	en	dailymirrorlk	1790067372.0
lk_news	2026-09-22-dailymirrorlk-07d6e691	dailymirrorlk-07d6e691	2026-09-22	New Sri Lanka Cricket Bill gets Cabinet nod	https://www.dailymirror.lk/breaking-news/New-Sri-Lanka-Cricket-Bill-gets-Cabinet-nod/108-350895	en	dailymirrorlk	1790066892.0
lk_news	2026-09-22-dailymirrorlk-99cca3e7	dailymirrorlk-99cca3e7	2026-09-22	State to take ownership of Neville Fernando Hospital, Air Force to manage	https://www.dailymirror.lk/breaking-news/State-to-take-ownership-of-Neville-Fernando-Hospital-Air-Force-to-manage/108-350894	en	dailymirrorlk	1790066695.0
lk_news	2026-09-22-dailymirrorlk-ea365722	dailymirrorlk-ea365722	2026-09-22	India crush Sri Lanka to retain Asian Games Gold	https://www.dailymirror.lk/breaking-news/India-crush-Sri-Lanka-to-retain-Asian-Games-Gold/108-350893	en	dailymirrorlk	1790066055.0
lk_news	2026-09-22-dailymirrorlk-0bf1af99	dailymirrorlk-0bf1af99	2026-09-22	Seat belts help reduce expressway accident casualties: RDA	https://www.dailymirror.lk/breaking-news/Seat-belts-help-reduce-expressway-accident-casualties-RDA/108-350892	en	dailymirrorlk	1790065172.0
lk_news	2026-09-22-dailymirrorlk-5d79ab37	dailymirrorlk-5d79ab37	2026-09-22	‘Walk the talk’ on justice for Sri Lankan fishermen, Chandrasekar tells Vijay	https://www.dailymirror.lk/breaking-news/Walk-the-talk-on-justice-for-Sri-Lankan-fishermen-Chandrasekar-tells-Vijay/108-350891	en	dailymirrorlk	1790065003.0
lk_news	2026-09-22-dailymirrorlk-353d16c5	dailymirrorlk-353d16c5	2026-09-22	Supreme Court determines Clause 17 of Anti-Corruption (Amendment) Bill requires referendum	https://www.dailymirror.lk/breaking-news/Supreme-Court-determines-Clause-17-of-Anti-Corruption-Amendment-Bill-requires-referendum/108-350890	en	dailymirrorlk	1790064812.0
lk_news	2026-09-22-dailymirrorlk-2b2cefed	dailymirrorlk-2b2cefed	2026-09-22	Sri Lankan-origin actress will play Sita in a leading musical at Wembley Arena	https://www.dailymirror.lk/breaking-news/Sri-Lankan-origin-actress-will-play-Sita-in-a-leading-musical-at-Wembley-Arena/108-350889	en	dailymirrorlk	1790063865.0
lk_news	2026-09-22-adalk-ce563b3a	adalk-ce563b3a	2026-09-22	Beverly Hills Polo Club මෙවර Miss Grand Sri Lanka සමග එක්ව සමරයි	https://www.ada.lk/business/Beverly-Hills-Polo-Club-මෙවර-Miss-Grand-Sri-Lanka-සමග-එක්ව-සමරයි/7-424314	si	adalk	1790063765.0
lk_news	2026-09-22-adalk-1ab16ed0	adalk-1ab16ed0	2026-09-22	සෙලින්කෝ ලයිෆ් 20 වන ‘ෆැමිලි සවාරි’ එළිදක්වයි	https://www.ada.lk/business/සෙලින්කෝ-ලයිෆ්-20-වන-‘ෆැමිලි-සවාරි’-එළිදක්වයි/7-424313	si	adalk	1790063659.0
lk_news	2026-09-22-dailymirrorlk-fbc971f5	dailymirrorlk-fbc971f5	2026-09-22	Short and mid tenure yields ease amid selective buying	https://www.dailymirror.lk/business-news/Short-and-mid-tenure-yields-ease-amid-selective-buying/273-350888	en	dailymirrorlk	1790062961.0
lk_news	2026-09-22-dailymirrorlk-1690a969	dailymirrorlk-1690a969	2026-09-22	Easter Sunday attacks case judgment proceedings begin	https://www.dailymirror.lk/breaking-news/Easter-Sunday-attacks-case-judgment-proceedings-begin/108-350887	en	dailymirrorlk	1790062743.0
lk_news	2026-09-22-dailymirrorlk-2a5eee51	dailymirrorlk-2a5eee51	2026-09-22	Fitch upgrades Sri Lanka’s rating to ’B-’	https://www.dailymirror.lk/international/Fitch-upgrades-Sri-Lankas-rating-to-B/107-350886	en	dailymirrorlk	1790062646.0
lk_news	2026-09-22-dailymirrorlk-51963445	dailymirrorlk-51963445	2026-09-22	Russian Embassy hosts polling station for State Duma election	https://www.dailymirror.lk/breaking-news/Russian-Embassy-hosts-polling-station-for-State-Duma-election/108-350885	en	dailymirrorlk	1790061774.0
lk_news	2026-09-22-dailymirrorlk-76363f1d	dailymirrorlk-76363f1d	2026-09-22	Committee proposes community service, work camps to ease prison overcrowding	https://www.dailymirror.lk/breaking-news/Committee-proposes-community-service-work-camps-to-ease-prison-overcrowding/108-350882	en	dailymirrorlk	1790061138.0
lk_news	2026-09-22-dailymirrorlk-923eddd9	dailymirrorlk-923eddd9	2026-09-22	Train driver acquitted over wild elephant death	https://www.dailymirror.lk/breaking-news/Train-driver-acquitted-over-wild-elephant-death/108-350877	en	dailymirrorlk	1790060591.0
lk_news	2026-09-22-dailymirrorlk-876d960d	dailymirrorlk-876d960d	2026-09-22	Saudi prosecution appeal leads to death sentence for  Sivarasa Anojan: Vijitha Herath	https://www.dailymirror.lk/breaking-news/Saudi-prosecution-appeal-leads-to-death-sentence-for-Sivarasa-Anojan-Vijitha-Herath/108-350873	en	dailymirrorlk	1790059498.0
lk_news	2026-09-22-dailymirrorlk-504f7add	dailymirrorlk-504f7add	2026-09-22	Seed maize project approved under Ministry procedures, former Additional Secretary tells court	https://www.dailymirror.lk/breaking-news/Seed-maize-project-approved-under-Ministry-procedures-former-Additional-Secretary-tells-court/108-350872	en	dailymirrorlk	1790059148.0
lk_news	2026-09-22-dailymirrorlk-7b6bfb46	dailymirrorlk-7b6bfb46	2026-09-22	Sri Lanka holds clues to a 500-million-year-old Earth	https://www.dailymirror.lk/breaking-news/Sri-Lanka-holds-clues-to-a-500-million-year-old-Earth/108-350871	en	dailymirrorlk	1790058123.0
lk_news	2026-09-22-dailymirrorlk-7c5dbc99	dailymirrorlk-7c5dbc99	2026-09-22	33 essential drugs out of stock, Health Minister	https://www.dailymirror.lk/breaking-news/33-essential-drugs-out-of-stock-Health-Minister/108-350870	en	dailymirrorlk	1790057612.0
lk_news	2026-09-22-dailymirrorlk-b1c7d45b	dailymirrorlk-b1c7d45b	2026-09-22	Ploughing for Maha	https://www.dailymirror.lk/caption-story/Ploughing-for-Maha/110-350869	en	dailymirrorlk	1790057527.0
lk_news	2026-09-22-dailymirrorlk-c96c5c54	dailymirrorlk-c96c5c54	2026-09-22	Is another Ditwah-like situation around the corner?	https://www.dailymirror.lk/breaking-news/Is-another-Ditwah-like-situation-around-the-corner/108-350868	en	dailymirrorlk	1790057306.0
lk_news	2026-09-22-adalk-1c1e9b1b	adalk-1c1e9b1b	2026-09-22	මාධ්‍ය ආයතන තුනක් ට්‍රම්ප්ට එරෙහිව නඩු මගට	https://www.ada.lk/breaking_news/මාධ්‍ය-ආයතන-තුනක්-ට්‍රම්ප්ට-එරෙහිව-නඩු-මගට/11-424312	si	adalk	1790056897.0
lk_news	2026-09-22-dailymirrorlk-91e5b446	dailymirrorlk-91e5b446	2026-09-22	Over 650,000 have migrated for temporary reasons - Analyst	https://www.dailymirror.lk/breaking-news/Over-650-000-have-migrated-for-temporary-reasons-Analyst/108-350864	en	dailymirrorlk	1790056534.0
lk_news	2026-09-22-adalk-6208dad0	adalk-6208dad0	2026-09-22	Centrum Air යළිත් ලංකාවට එයි	https://www.ada.lk/breaking_news/Centrum-Air-යළිත්-ලංකාවට-එයි/11-424311	si	adalk	1790056391.0
lk_news	2026-09-22-dailymirrorlk-da9f5556	dailymirrorlk-da9f5556	2026-09-22	Driver, two women arrested after police pursuit in Pannala	https://www.dailymirror.lk/breaking-news/Driver-two-women-arrested-after-police-pursuit-in-Pannala/108-350862	en	dailymirrorlk	1790056097.0
lk_news	2026-09-22-adalk-2d5d82cc	adalk-2d5d82cc	2026-09-22	අයිස් කිලෝ 21ක් සමග සැකකරුවෙක් හා සැකකාරියක් අල්ලයි	https://www.ada.lk/breaking_news/අයිස්-කිලෝ-21ක්-සමග-සැකකරුවෙක්-හා-සැකකාරියක්-අල්ලයි/11-424310	si	adalk	1790055806.0
lk_news	2026-09-22-dailymirrorlk-9ad61847	dailymirrorlk-9ad61847	2026-09-22	Inflation more than triples in 7 months	https://www.dailymirror.lk/business-main/Inflation-more-than-triples-in-7-months/245-350859	en	dailymirrorlk	1790055303.0
lk_news	2026-09-22-adalk-c64e2adb	adalk-c64e2adb	2026-09-22	ගාඩ්මෝර් නාය යෑමක් සක්‍රීය වෙයි	https://www.ada.lk/picture_story/ගාඩ්මෝර්-නාය-යෑමක්-සක්‍රීය-වෙයි/10-424309	si	adalk	1790055288.0
lk_news	2026-09-22-dailymirrorlk-862b2d45	dailymirrorlk-862b2d45	2026-09-22	Softlogic points to 3-year turnaround as debt restructuring gathers pace	https://www.dailymirror.lk/business-news/Softlogic-points-to-3-year-turnaround-as-debt-restructuring-gathers-pace/273-350858	en	dailymirrorlk	1790055129.0
lk_news	2026-09-22-dailymirrorlk-e5a69493	dailymirrorlk-e5a69493	2026-09-22	Colombo transshipment climbs as adverse weather threatens to worsen port congestion	https://www.dailymirror.lk/business-news/Colombo-transshipment-climbs-as-adverse-weather-threatens-to-worsen-port-congestion/273-350857	en	dailymirrorlk	1790055057.0
lk_news	2026-09-22-dailymirrorlk-c46d0844	dailymirrorlk-c46d0844	2026-09-22	Govt. commits to boat manufacturing zone; EDB to pick site	https://www.dailymirror.lk/business-news/Govt-commits-to-boat-manufacturing-zone-EDB-to-pick-site/273-350856	en	dailymirrorlk	1790054969.0
lk_news	2026-09-22-adalk-6af5fe91	adalk-6af5fe91	2026-09-22	22 සම්මත කිරිමට ජනමත විචාරණයක් අවශ්‍ය නෑ	https://www.ada.lk/breaking_news/22-සම්මත-කිරිමට-ජනමත-විචාරණයක්-අවශ්‍ය-නෑ/11-424308	si	adalk	1790054898.0
lk_news	2026-09-22-dailymirrorlk-35de9322	dailymirrorlk-35de9322	2026-09-22	SL rallies agencies behind US $ 36bn export push	https://www.dailymirror.lk/business-news/SL-rallies-agencies-behind-US-36bn-export-push/273-350855	en	dailymirrorlk	1790054393.0
lk_news	2026-09-22-dailymirrorlk-2831aeed	dailymirrorlk-2831aeed	2026-09-22	Indices close in red	https://www.dailymirror.lk/business-news/Indices-close-in-red/273-350854	en	dailymirrorlk	1790054356.0
lk_news	2026-09-22-dailymirrorlk-356b44ae	dailymirrorlk-356b44ae	2026-09-22	Resus Energy commissions 2 MW Ampara solar plant	https://www.dailymirror.lk/business-news/Resus-Energy-commissions-2-MW-Ampara-solar-plant/273-350853	en	dailymirrorlk	1790054231.0
lk_news	2026-09-22-dailymirrorlk-c549332f	dailymirrorlk-c549332f	2026-09-22	ITF announces landmark Colombo AI Conference hosted by NUSS	https://www.dailymirror.lk/business-news/ITF-announces-landmark-Colombo-AI-Conference-hosted-by-NUSS/273-350851	en	dailymirrorlk	1790053696.0
lk_news	2026-09-22-dailymirrorlk-e3f6ba9f	dailymirrorlk-e3f6ba9f	2026-09-22	patpat.lk wins Gold at BestWeb.LK Awards 2026	https://www.dailymirror.lk/business-news/patpat-lk-wins-Gold-at-BestWeb-LK-Awards-2026/273-350850	en	dailymirrorlk	1790053479.0
lk_news	2026-09-22-dailymirrorlk-6ec68c0d	dailymirrorlk-6ec68c0d	2026-09-22	Hilton named Sri Lanka’s No. 1 Best Workplace again	https://www.dailymirror.lk/business-news/Hilton-named-Sri-Lankas-No-1-Best-Workplace-again/273-350849	en	dailymirrorlk	1790053428.0
lk_news	2026-09-22-dailymirrorlk-2dc52dd6	dailymirrorlk-2dc52dd6	2026-09-22	Cargills Bank recognizes 12th anniversary Spend Campaign winners	https://www.dailymirror.lk/business-news/Cargills-Bank-recognizes-12th-anniversary-Spend-Campaign-winners/273-350848	en	dailymirrorlk	1790053371.0
lk_news	2026-09-22-dailymirrorlk-390de03c	dailymirrorlk-390de03c	2026-09-22	Evolution Auto highlights importance of TOPS Power Score in NextGen EVs	https://www.dailymirror.lk/business-news/Evolution-Auto-highlights-importance-of-TOPS-Power-Score-in-NextGen-EVs/273-350847	en	dailymirrorlk	1790053322.0
lk_news	2026-09-22-dailymirrorlk-23633767	dailymirrorlk-23633767	2026-09-22	HNB Life celebrates success at NAFLIA 2026 with 10 awards	https://www.dailymirror.lk/business-news/HNB-Life-celebrates-success-at-NAFLIA-2026-with-10-awards/273-350846	en	dailymirrorlk	1790053273.0
lk_news	2026-09-22-dailymirrorlk-71e69470	dailymirrorlk-71e69470	2026-09-22	SLEIS 2026 to examine SL’s energy transition and its implications for economic growth	https://www.dailymirror.lk/business-news/SLEIS-2026-to-examine-SLs-energy-transition-and-its-implications-for-economic-growth/273-350845	en	dailymirrorlk	1790053185.0
lk_news	2026-09-22-dailymirrorlk-5450798d	dailymirrorlk-5450798d	2026-09-22	LOLC Finance-Continental Cars promote Volkswagen vehicles across Sri Lanka	https://www.dailymirror.lk/business-news/LOLC-Finance-Continental-Cars-promote-Volkswagen-vehicles-across-Sri-Lanka/273-350844	en	dailymirrorlk	1790052807.0
lk_news	2026-09-22-dailymirrorlk-3f9cec24	dailymirrorlk-3f9cec24	2026-09-22	Dialog unveils South Asia’s 1st 5G eSIM MiFi	https://www.dailymirror.lk/business-news/Dialog-unveils-South-Asias-1st-5G-eSIM-MiFi/273-350843	en	dailymirrorlk	1790052753.0
lk_news	2026-09-22-dailymirrorlk-67b4dd13	dailymirrorlk-67b4dd13	2026-09-22	Pan Asia EZY revolutionises digital banking in Sri Lanka	https://www.dailymirror.lk/business-news/Pan-Asia-EZY-revolutionises-digital-banking-in-Sri-Lanka/273-350842	en	dailymirrorlk	1790052696.0
lk_news	2026-09-22-dailymirrorlk-8fce100d	dailymirrorlk-8fce100d	2026-09-22	Hayleys Mobility celebrates 1,000 new journeys across Sri Lanka	https://www.dailymirror.lk/business-news/Hayleys-Mobility-celebrates-1-000-new-journeys-across-Sri-Lanka/273-350841	en	dailymirrorlk	1790052578.0
lk_news	2026-09-22-dailymirrorlk-320ab516	dailymirrorlk-320ab516	2026-09-22	Iran must stop arming Houthis in Yemen, G7 says ahead of UN General Assembly	https://www.dailymirror.lk/international/Iran-must-stop-arming-Houthis-in-Yemen-G7-says-ahead-of-UN-General-Assembly/107-350840	en	dailymirrorlk	1790052268.0
lk_news	2026-09-22-dailymirrorlk-bb25a665	dailymirrorlk-bb25a665	2026-09-22	Sri Lanka, Qatar seek more jobs for skilled workers	https://www.dailymirror.lk/breaking-news/Sri-Lanka-Qatar-seek-more-jobs-for-skilled-workers/108-350839	en	dailymirrorlk	1790052030.0
lk_news	2026-09-22-dailymirrorlk-1cb8d1e8	dailymirrorlk-1cb8d1e8	2026-09-22	22nd Amendment does not require referendum, Supreme Court determines: Speaker	https://www.dailymirror.lk/breaking-news/22nd-Amendment-does-not-require-referendum-Supreme-Court-determines-Speaker/108-350838	en	dailymirrorlk	1790050382.0
lk_news	2026-09-22-dailymirrorlk-8f133785	dailymirrorlk-8f133785	2026-09-22	Security beefed up for Easter verdict	https://www.dailymirror.lk/breaking-news/Security-beefed-up-for-Easter-verdict/108-350837	en	dailymirrorlk	1790050278.0
lk_news	2026-09-22-dailymirrorlk-a637292e	dailymirrorlk-a637292e	2026-09-22	US to open two new military bases in Greenland, sources say	https://www.dailymirror.lk/international/US-to-open-two-new-military-bases-in-Greenland-sources-say/107-350836	en	dailymirrorlk	1790049955.0
lk_news	2026-09-22-dailymirrorlk-9b9b4899	dailymirrorlk-9b9b4899	2026-09-22	Rs. 8.1M bribe: Former Minister’s Secretary arrested	https://www.dailymirror.lk/breaking-news/Rs-8-1M-bribe-Former-Ministers-Secretary-arrested/108-350835	en	dailymirrorlk	1790049776.0
lk_news	2026-09-22-adalk-ac599a3e	adalk-ac599a3e	2026-09-22	අනෝජන්ට සමාව ඉල්ලා රාජ්‍යතාන්ත්‍රිකව සෞදි රජුට ලිපියක්	https://www.ada.lk/breaking_news/අනෝජන්ට-සමාව-ඉල්ලා-රාජ්‍යතාන්ත්‍රිකව-සෞදි-රජුට-ලිපියක්/11-424307	si	adalk	1790047812.0
lk_news	2026-09-22-adalk-d366b7c8	adalk-d366b7c8	2026-09-22	SLIATE ආයතනවල ගැටලු ගැන සාකච්ඡාවක්	https://www.ada.lk/breaking_news/SLIATE-ආයතනවල-ගැටලු-ගැන-සාකච්ඡාවක්/11-424306	si	adalk	1790047185.0
lk_news	2026-09-22-adalk-2bc00378	adalk-2bc00378	2026-09-22	තද වැසි ගැන අවවාදාත්මක නිවේදනයක්	https://www.ada.lk/breaking_news/තද-වැසි-ගැන-අවවාදාත්මක-නිවේදනයක්/11-424304	si	adalk	1790043020.0
lk_news	2026-09-22-adalk-b679bd6b	adalk-b679bd6b	2026-09-22	ලක්ෂ 350ක දේපළ ක්‍රියාවිරහිත කරයි	https://www.ada.lk/breaking_news/ලක්ෂ-350ක-දේපළ-ක්‍රියාවිරහිත-කරයි/11-424303	si	adalk	1790042681.0
lk_news	2026-09-22-dailyftlk-79e6144a	dailyftlk-79e6144a	2026-09-22	EDB promotes “Sri Lanka Expo 2027” in collaboration with SriLankan  Airlines	https://www.ft.lk/business/EDB-promotes-Sri-Lanka-Expo-2027-in-collaboration-with-SriLankan-Airlines/34-797605	en	dailyftlk	1790038999.0
lk_news	2026-09-22-dailyftlk-234abb2a	dailyftlk-234abb2a	2026-09-22	New US Ambassador meets Minister Dr. Anil Jayantha	https://www.ft.lk/business/New-US-Ambassador-meets-Minister-Dr-Anil-Jayantha/34-797604	en	dailyftlk	1790038920.0
lk_news	2026-09-22-dailyftlk-1889c11e	dailyftlk-1889c11e	2026-09-22	Sri Lanka and Kenya explore further cooperation in tea	https://www.ft.lk/business/Sri-Lanka-and-Kenya-explore-further-cooperation-in-tea/34-797603	en	dailyftlk	1790038858.0
lk_news	2026-09-22-dailyftlk-e2a73dc2	dailyftlk-e2a73dc2	2026-09-22	Blue Diamonds Jewellery Worldwide appoints new Chairman, Directors	https://www.ft.lk/business/Blue-Diamonds-Jewellery-Worldwide-appoints-new-Chairman-Directors/34-797601	en	dailyftlk	1790038737.0
lk_news	2026-09-22-dailyftlk-5e75f41e	dailyftlk-5e75f41e	2026-09-22	Parliament’s Ditwah probe turns to local councils after months-long silence on coordination failures	https://www.ft.lk/business/Parliament-s-Ditwah-probe-turns-to-local-councils-after-months-long-silence-on-coordination-failures/34-797600	en	dailyftlk	1790038717.0
lk_news	2026-09-22-dailyftlk-97c3ac2c	dailyftlk-97c3ac2c	2026-09-22	14 districts on landslide alert as rains persist; flood warnings extended	https://www.ft.lk/news/14-districts-on-landslide-alert-as-rains-persist-flood-warnings-extended/56-797588	en	dailyftlk	1790037834.0
lk_news	2026-09-22-dailyftlk-2ea73f42	dailyftlk-2ea73f42	2026-09-22	UN flags closed legislative process, poor drafting; calls Online Safety Act “unimplementable”	https://www.ft.lk/news/UN-flags-closed-legislative-process-poor-drafting-calls-Online-Safety-Act-unimplementable/56-797587	en	dailyftlk	1790037775.0
lk_news	2026-09-22-dailyftlk-cfac57c5	dailyftlk-cfac57c5	2026-09-22	China – Sri Lanka launches Media Cooperation Action Plan	https://www.ft.lk/news/China-Sri-Lanka-launches-Media-Cooperation-Action-Plan/56-797586	en	dailyftlk	1790037552.0
lk_news	2026-09-22-dailyftlk-4624f2b0	dailyftlk-4624f2b0	2026-09-22	Sajith meets UAE Ambassador; discuss bilateral relations and regional developments	https://www.ft.lk/news/Sajith-meets-UAE-Ambassador-discuss-bilateral-relations-and-regional-developments/56-797585	en	dailyftlk	1790037224.0
lk_news	2026-09-22-dailyftlk-431ddfe6	dailyftlk-431ddfe6	2026-09-22	David Myers appointed Deputy Chief of Mission at US Embassy Colombo	https://www.ft.lk/news/David-Myers-appointed-Deputy-Chief-of-Mission-at-US-Embassy-Colombo/56-797584	en	dailyftlk	1790037178.0
lk_news	2026-09-22-dailyftlk-19698032	dailyftlk-19698032	2026-09-22	Justice Corea sworn in as Acting President of Court of Appeal	https://www.ft.lk/news/Justice-Corea-sworn-in-as-Acting-President-of-Court-of-Appeal/56-797583	en	dailyftlk	1790037121.0
lk_news	2026-09-21-dailymirrorlk-fbb4c066	dailymirrorlk-fbb4c066	2026-09-21	CNN, MS NOW and Politico sue Trump over White House ban	https://www.dailymirror.lk/international/CNN-MS-NOW-and-Politico-sue-Trump-over-White-House-ban/107-350834	en	dailymirrorlk	1790006991.0
lk_news	2026-09-21-dailymirrorlk-f54bc08e	dailymirrorlk-f54bc08e	2026-09-21	CSE slips below 21,000 as turnover falls to second-lowest level YTD	https://www.dailymirror.lk/breaking-news/CSE-slips-below-21-000-as-turnover-falls-to-second-lowest-level-YTD/108-350833	en	dailymirrorlk	1790004023.0
lk_news	2026-09-21-dailymirrorlk-5804f963	dailymirrorlk-5804f963	2026-09-21	Nimal Perera must face legal action over bond scam: Lawyer	https://www.dailymirror.lk/breaking-news/Nimal-Perera-must-face-legal-action-over-bond-scam-Lawyer/108-350832	en	dailymirrorlk	1790003831.0
lk_news	2026-09-21-adalk-03254e70	adalk-03254e70	2026-09-21	විදුලි බිලට සහන දෙන්න රුපියල් බිලියන 17.2ක පරිපූරක ඇස්තමේන්තුවක්	https://www.ada.lk/breaking_news/විදුලි-බිලට-සහන-දෙන්න-රුපියල්-බිලියන-17-2ක-පරිපූරක-ඇස්තමේන්තුවක්/11-424302	si	adalk	1790001536.0
lk_news	2026-09-21-dailymirrorlk-4240b89a	dailymirrorlk-4240b89a	2026-09-21	Ampara human-elephant conflict: 14 new control units to be established	https://www.dailymirror.lk/breaking-news/Ampara-human-elephant-conflict-14-new-control-units-to-be-established/108-350830	en	dailymirrorlk	1790001198.0
lk_news	2026-09-21-adalk-a59cbf01	adalk-a59cbf01	2026-09-21	පාර්ලිමේන්තු කටයුතුවල වෙනසක්	https://www.ada.lk/breaking_news/පාර්ලිමේන්තු-කටයුතුවල-වෙනසක්/11-424301	si	adalk	1789998124.0
lk_news	2026-09-21-dailymirrorlk-513437c9	dailymirrorlk-513437c9	2026-09-21	Vijitha Herath to make special statement in Parliament on Sivarasa Anojan	https://www.dailymirror.lk/breaking-news/Vijitha-Herath-to-make-special-statement-in-Parliament-on-Sivarasa-Anojan/108-350829	en	dailymirrorlk	1789997499.0
lk_news	2026-09-21-dailymirrorlk-cb9077d7	dailymirrorlk-cb9077d7	2026-09-21	Justice Mayadunna Corea appointed Acting President of Court of Appeal	https://www.dailymirror.lk/breaking-news/Justice-Mayadunna-Corea-appointed-Acting-President-of-Court-of-Appeal/108-350828	en	dailymirrorlk	1789995969.0
lk_news	2026-09-21-dailymirrorlk-62141b91	dailymirrorlk-62141b91	2026-09-21	No fuel price hike as government plans concession: Minister	https://www.dailymirror.lk/breaking-news/No-fuel-price-hike-as-government-plans-concession-Minister/108-350827	en	dailymirrorlk	1789995290.0
lk_news	2026-09-21-dailymirrorlk-a2d0a928	dailymirrorlk-a2d0a928	2026-09-21	Government to appeal to Saudi King for Anojan’s pardon	https://www.dailymirror.lk/breaking-news/Government-to-appeal-to-Saudi-King-for-Anojans-pardon/108-350826	en	dailymirrorlk	1789994721.0
lk_news	2026-09-21-dailymirrorlk-fdaa7001	dailymirrorlk-fdaa7001	2026-09-21	Multi-day fishing vessels urged to leave Andaman sea areas amid rough weather	https://www.dailymirror.lk/breaking-news/Multi-day-fishing-vessels-urged-to-leave-Andaman-sea-areas-amid-rough-weather/108-350823	en	dailymirrorlk	1789992087.0
lk_news	2026-09-21-adalk-42e880fd	adalk-42e880fd	2026-09-21	ඒ්ජන්සි නිසා කාර්යංශයට ලැබෙන ඊශ්‍රායෙල් රැකියා අහිමි වී නෑ	https://www.ada.lk/breaking_news/ඒ්ජන්සි-නිසා-කාර්යංශයට-ලැබෙන-ඊශ්‍රායෙල්-රැකියා-අහිමි-වී-නෑ/11-424300	si	adalk	1789989871.0
lk_news	2026-09-21-dailymirrorlk-27ce53f0	dailymirrorlk-27ce53f0	2026-09-21	Landslide red warnings issued for six districts	https://www.dailymirror.lk/breaking-news/Landslide-red-warnings-issued-for-six-districts/108-350821	en	dailymirrorlk	1789989359.0
lk_news	2026-09-21-dailymirrorlk-066ecc65	dailymirrorlk-066ecc65	2026-09-21	Low-pressure system to intensify; rainy weather to continue	https://www.dailymirror.lk/breaking-news/Low-pressure-system-to-intensify-rainy-weather-to-continue/108-350820	en	dailymirrorlk	1789988557.0
lk_news	2026-09-21-dailymirrorlk-d0d601b3	dailymirrorlk-d0d601b3	2026-09-21	One dead, seven injured following wasp attack in Lindula	https://www.dailymirror.lk/breaking-news/One-dead-seven-injured-following-wasp-attack-in-Lindula/108-350814	en	dailymirrorlk	1789984688.0
lk_news	2026-09-21-dailymirrorlk-675941ef	dailymirrorlk-675941ef	2026-09-21	Repeated crises leave Sri Lankans facing layers of trauma, loss	https://www.dailymirror.lk/breaking-news/Repeated-crises-leave-Sri-Lankans-facing-layers-of-trauma-loss/108-350808	en	dailymirrorlk	1789980845.0
lk_news	2026-09-21-dailymirrorlk-e78cb366	dailymirrorlk-e78cb366	2026-09-21	Aeroflot to resume flights on October 3	https://www.dailymirror.lk/breaking-news/Aeroflot-to-resume-flights-on-October-3/108-350807	en	dailymirrorlk	1789980009.0
lk_news	2026-09-21-dailymirrorlk-4b5b2e98	dailymirrorlk-4b5b2e98	2026-09-21	Speaker receives Supreme Court determination on 22nd Amendment	https://www.dailymirror.lk/breaking-news/Speaker-receives-Supreme-Court-determination-on-22nd-Amendment/108-350806	en	dailymirrorlk	1789979731.0
lk_news	2026-09-21-dailymirrorlk-20d3c7d0	dailymirrorlk-20d3c7d0	2026-09-21	China’s Xi to visit the US from September 23-25	https://www.dailymirror.lk/international/Chinas-Xi-to-visit-the-US-from-September-23-25/107-350805	en	dailymirrorlk	1789978559.0
lk_news	2026-09-21-dailymirrorlk-0261752c	dailymirrorlk-0261752c	2026-09-21	New music licensing rules introduced for weddings, parties and events	https://www.dailymirror.lk/breaking-news/New-music-licensing-rules-introduced-for-weddings-parties-and-events/108-350804	en	dailymirrorlk	1789978127.0
lk_news	2026-09-21-dailymirrorlk-a558044d	dailymirrorlk-a558044d	2026-09-21	Irrigation Department warns of rising river levels amid heavy rain	https://www.dailymirror.lk/breaking-news/Irrigation-Department-warns-of-rising-river-levels-amid-heavy-rain/108-350803	en	dailymirrorlk	1789977689.0
lk_news	2026-09-21-dailymirrorlk-0e840ab9	dailymirrorlk-0e840ab9	2026-09-21	Police to introduce on-site drug testing for drivers within three months - IGP	https://www.dailymirror.lk/breaking-news/Police-to-introduce-on-site-drug-testing-for-drivers-within-three-months-IGP/108-350802	en	dailymirrorlk	1789976521.0
lk_news	2026-09-21-dailymirrorlk-c7073385	dailymirrorlk-c7073385	2026-09-21	“ViYASA” National Business Facilitation Centre to open tomorrow	https://www.dailymirror.lk/breaking-news/ViYASA-National-Business-Facilitation-Centre-to-open-tomorrow/108-350801	en	dailymirrorlk	1789975468.0
lk_news	2026-09-21-dailymirrorlk-261df283	dailymirrorlk-261df283	2026-09-21	Chinese culture meets Lyceum students	https://www.dailymirror.lk/caption-story/Chinese-culture-meets-Lyceum-students/110-350800	en	dailymirrorlk	1789975315.0
lk_news	2026-09-21-adalk-9890462b	adalk-9890462b	2026-09-21	කුකුළේගඟ වාන් දොරටු දෙකක් විවෘත කරයි	https://www.ada.lk/breaking_news/කුකුළේගඟ-වාන්-දොරටු-දෙකක්-විවෘත-කරයි/11-424299	si	adalk	1789975259.0
lk_news	2026-09-21-dailymirrorlk-6cf7dd0f	dailymirrorlk-6cf7dd0f	2026-09-21	SLMC appoints new National List MP	https://www.dailymirror.lk/breaking-news/SLMC-appoints-new-National-List-MP/108-350799	en	dailymirrorlk	1789975084.0
lk_news	2026-09-21-dailymirrorlk-5f479fe2	dailymirrorlk-5f479fe2	2026-09-21	190,000 cancer injections allegedly imported without approval	https://www.dailymirror.lk/breaking-news/190-000-cancer-injections-allegedly-imported-without-approval/108-350798	en	dailymirrorlk	1789974176.0
lk_news	2026-09-21-dailymirrorlk-330e17d2	dailymirrorlk-330e17d2	2026-09-21	’’It is your bilateral issue, we, unlike Western countries, don’t put pressure’’ - Russian Ambassador	https://www.dailymirror.lk/breaking-news/It-is-your-bilateral-issue-we-unlike-Western-countries-dont-put-pressure-Russian-Ambassador/108-350797	en	dailymirrorlk	1789973691.0
lk_news	2026-09-21-dailymirrorlk-375db7ef	dailymirrorlk-375db7ef	2026-09-21	15-year-old boy sleeping on the ground struck by lightning	https://www.dailymirror.lk/breaking-news/15-year-old-boy-sleeping-on-the-ground-struck-by-lightning/108-350795	en	dailymirrorlk	1789972976.0
lk_news	2026-09-21-dailymirrorlk-3db25081	dailymirrorlk-3db25081	2026-09-21	Supreme Court rules transit passengers subject to Customs jurisdiction	https://www.dailymirror.lk/breaking-news/Supreme-Court-rules-transit-passengers-subject-to-Customs-jurisdiction/108-350794	en	dailymirrorlk	1789972177.0
lk_news	2026-09-21-dailymirrorlk-844b6003	dailymirrorlk-844b6003	2026-09-21	President pledges tax relief in 2027 Budget	https://www.dailymirror.lk/breaking-news/President-pledges-tax-relief-in-2027-Budget/108-350784	en	dailymirrorlk	1789970791.0
lk_news	2026-09-21-adalk-6563a3b9	adalk-6563a3b9	2026-09-21	මෙගාවොට් 10ක තවත් බැටරි බලශක්ති ගබඩා පහසුකමක් විවෘත කරයි	https://www.ada.lk/breaking_news/මෙගාවොට්-10ක-තවත්-බැටරි-බලශක්ති-ගබඩා-පහසුකමක්-විවෘත-කරයි/11-424298	si	adalk	1789970770.0
lk_news	2026-09-21-dailymirrorlk-afba9c9e	dailymirrorlk-afba9c9e	2026-09-21	Trump ’deciding’ whether to ’blow the entire nation up’ in Iran threat	https://www.dailymirror.lk/international/Trump-deciding-whether-to-blow-the-entire-nation-up-in-Iran-threat/107-350781	en	dailymirrorlk	1789970628.0
lk_news	2026-09-21-dailymirrorlk-4e916cf4	dailymirrorlk-4e916cf4	2026-09-21	Japan braces for record rain as powerful typhoon nears east coast	https://www.dailymirror.lk/international/Japan-braces-for-record-rain-as-powerful-typhoon-nears-east-coast/107-350780	en	dailymirrorlk	1789969769.0
lk_news	2026-09-21-dailymirrorlk-72a403c8	dailymirrorlk-72a403c8	2026-09-21	A/L 2026 practical tests to begin on Sept. 24	https://www.dailymirror.lk/breaking-news/AL-2026-practical-tests-to-begin-on-Sept-24/108-350779	en	dailymirrorlk	1789969647.0
lk_news	2026-09-21-adalk-5ae2f42f	adalk-5ae2f42f	2026-09-21	ආපදා සහන මෙහෙයුම් සඳහා නාවික හමුදාව සීරුවෙන්	https://www.ada.lk/breaking_news/ආපදා-සහන-මෙහෙයුම්-සඳහා-නාවික-හමුදාව-සීරුවෙන්/11-424297	si	adalk	1789969397.0
lk_news	2026-09-21-dailymirrorlk-6b10717f	dailymirrorlk-6b10717f	2026-09-21	Govt considers allowing private firms to set fuel prices	https://www.dailymirror.lk/breaking-news/Govt-considers-allowing-private-firms-to-set-fuel-prices/108-350778	en	dailymirrorlk	1789969258.0
lk_news	2026-09-21-dailymirrorlk-67016d3d	dailymirrorlk-67016d3d	2026-09-21	38 schools closed due to adverse weather	https://www.dailymirror.lk/breaking-news/38-schools-closed-due-to-adverse-weather/108-350777	en	dailymirrorlk	1789969000.0
lk_news	2026-09-21-adalk-765134a5	adalk-765134a5	2026-09-21	ට්‍රම්ප් ඉදිකිරීමට යන ජයග්‍රාහි ආරුක්කුව	https://www.ada.lk/picture_story/ට්‍රම්ප්-ඉදිකිරීමට-යන-ජයග්‍රාහි-ආරුක්කුව/10-424296	si	adalk	1789968037.0
lk_news	2026-09-21-adalk-9e849a1c	adalk-9e849a1c	2026-09-21	තොණ්ඩමන්, දිගම්බරන්, රාධා ක්‍රිෂ්ණන්ලාගේ දේශපාලනය වතුකරයෙන් ඉවර කරනවා	https://www.ada.lk/breaking_news/තොණ්ඩමන්--දිගම්බරන්--රාධා-ක්‍රිෂ්ණන්ලාගේ-දේශපාලනය-වතුකරයෙන්-ඉවර-කරනවා/11-424295	si	adalk	1789966658.0
lk_news	2026-09-21-dailymirrorlk-71a73689	dailymirrorlk-71a73689	2026-09-21	Warrant issued for Wimal over 2016 UN protest	https://www.dailymirror.lk/breaking-news/Warrant-issued-for-Wimal-over-2016-UN-protest/108-350773	en	dailymirrorlk	1789966392.0
lk_news	2026-09-21-dailymirrorlk-02f4cccb	dailymirrorlk-02f4cccb	2026-09-21	Trump says triumphal arch will be military complex with drones and snipers	https://www.dailymirror.lk/international/Trump-says-triumphal-arch-will-be-military-complex-with-drones-and-snipers/107-350772	en	dailymirrorlk	1789964832.0
lk_news	2026-09-21-dailymirrorlk-337a1631	dailymirrorlk-337a1631	2026-09-21	Navy steps up flood preparedness	https://www.dailymirror.lk/caption-story/Navy-steps-up-flood-preparedness/110-350771	en	dailymirrorlk	1789964692.0
lk_news	2026-09-21-dailymirrorlk-0fedc8aa	dailymirrorlk-0fedc8aa	2026-09-21	Kuda Ganga reaches minor flood level due to heavy rain	https://www.dailymirror.lk/breaking-news/Kuda-Ganga-reaches-minor-flood-level-due-to-heavy-rain/108-350770	en	dailymirrorlk	1789963678.0
lk_news	2026-09-21-dailymirrorlk-eb9d87c8	dailymirrorlk-eb9d87c8	2026-09-21	Cyclone Ditwah causes over Rs. 2.27 bn damage to schools, colleges	https://www.dailymirror.lk/breaking-news/Cyclone-Ditwah-causes-over-Rs-2-27-bn-damage-to-schools-colleges/108-350769	en	dailymirrorlk	1789963487.0
lk_news	2026-09-21-dailymirrorlk-ad5d0f95	dailymirrorlk-ad5d0f95	2026-09-21	Only one in five Sri Lankan households owns a computer: Census Dept.	https://www.dailymirror.lk/breaking-news/Only-one-in-five-Sri-Lankan-households-owns-a-computer-Census-Dept/108-350768	en	dailymirrorlk	1789963357.0
lk_news	2026-09-21-dailymirrorlk-4453bb88	dailymirrorlk-4453bb88	2026-09-21	Sister of Pakistan’s ex-PM Imran Khan arrested	https://www.dailymirror.lk/international/Sister-of-Pakistans-ex-PM-Imran-Khan-arrested/107-350767	en	dailymirrorlk	1789962718.0
lk_news	2026-09-21-dailymirrorlk-1e6d50f8	dailymirrorlk-1e6d50f8	2026-09-21	Gnanasara Thera seeks fresh pardon from President	https://www.dailymirror.lk/breaking-news/Gnanasara-Thera-seeks-fresh-pardon-from-President/108-350766	en	dailymirrorlk	1789960411.0
lk_news	2026-09-21-adalk-8d806a50	adalk-8d806a50	2026-09-21	සාමිමලේ ෆේයාලෝන් ගණ දෙවි කෝවිල ජලයෙන් යටවෙයි	https://www.ada.lk/breaking_news/සාමිමලේ-ෆේයාලෝන්-ගණ-දෙවි-කෝවිල-ජලයෙන්-යටවෙයි/11-424294	si	adalk	1789959870.0
lk_news	2026-09-21-dailymirrorlk-dfe1bd7d	dailymirrorlk-dfe1bd7d	2026-09-21	Southern Expressway bus crash injures over 10	https://www.dailymirror.lk/breaking-news/Southern-Expressway-bus-crash-injures-over-10/108-350765	en	dailymirrorlk	1789959640.0
lk_news	2026-09-21-adalk-cba11ab7	adalk-cba11ab7	2026-09-21	ඉම්රාන්ගේ සහෝදරියත් අත්ඩංගුවට	https://www.ada.lk/breaking_news/ඉම්රාන්ගේ-සහෝදරියත්-අත්ඩංගුවට/11-424293	si	adalk	1789958956.0
lk_news	2026-09-21-adalk-10b62543	adalk-10b62543	2026-09-21	මිලි මීටර් 100ක් දක්වා තද වැසි	https://www.ada.lk/breaking_news/මිලි-මීටර්-100ක්-දක්වා-තද-වැසි/11-424292	si	adalk	1789957804.0
lk_news	2026-09-21-adalk-3be09307	adalk-3be09307	2026-09-21	ගංගාවල ජල මට්ටම් ගැන නවතම නිවේදනය	https://www.ada.lk/breaking_news/ගංගාවල-ජල-මට්ටම්-ගැන-නවතම-නිවේදනය/11-424291	si	adalk	1789955771.0
lk_news	2026-09-21-adalk-d4c0e844	adalk-d4c0e844	2026-09-21	ලෝක බැංකු සමූහයෙන් වාර්තාගත පෞද්ගලික ප්‍රාග්ධන මෙහෙයුමක්	https://www.ada.lk/business/ලෝක-බැංකු-සමූහයෙන්-වාර්තාගත-පෞද්ගලික-ප්‍රාග්ධන-මෙහෙයුමක්/7-424290	si	adalk	1789954839.0
lk_news	2026-09-21-adalk-5ef80c39	adalk-5ef80c39	2026-09-21	MEPA ජාතික තෙල් කාන්දුවීම් හදිසි ප්‍රතිචාර සැලසුම් වැඩමුළුව HIP හිදී	https://www.ada.lk/business/MEPA-ජාතික-තෙල්-කාන්දුවීම්-හදිසි-ප්‍රතිචාර-සැලසුම්-වැඩමුළුව-HIP-හිදී/7-424289	si	adalk	1789954712.0
lk_news	2026-09-21-dailymirrorlk-487e9f89	dailymirrorlk-487e9f89	2026-09-21	Sri Lanka navigates path to implement  out-of-country voting	https://www.dailymirror.lk/news-features/Sri-Lanka-navigates-path-to-implement-out-of-country-voting/131-350764	en	dailymirrorlk	1789944144.0
lk_news	2026-09-21-dailymirrorlk-e39ac1ed	dailymirrorlk-e39ac1ed	2026-09-21	Sivarasa Anojan:  Sri Lanka must not lose another citizen	https://www.dailymirror.lk/news-features/Sivarasa-Anojan-Sri-Lanka-must-not-lose-another-citizen/131-350763	en	dailymirrorlk	1789942789.0
lk_news	2026-09-21-dailyftlk-e91c473e	dailyftlk-e91c473e	2026-09-21	Heavy rain, strong winds forecast until tomorrow	https://www.ft.lk/news/Heavy-rain-strong-winds-forecast-until-tomorrow/56-797523	en	dailyftlk	1789941998.0
lk_news	2026-09-21-dailymirrorlk-9e2a72da	dailymirrorlk-9e2a72da	2026-09-21	Dangerous,  shifting world	https://www.dailymirror.lk/opinion/Dangerous-shifting-world/172-350760	en	dailymirrorlk	1789937714.0
lk_news	2026-09-21-dailymirrorlk-d2aeff60	dailymirrorlk-d2aeff60	2026-09-21	When common sense crosses a border	https://www.dailymirror.lk/opinion/When-common-sense-crosses-a-border/172-350759	en	dailymirrorlk	1789937338.0
lk_news	2026-09-21-dailymirrorlk-56278c67	dailymirrorlk-56278c67	2026-09-21	Extreme weather alerts:Are we ready?	https://www.dailymirror.lk/opinion/Extreme-weather-alertsAre-we-ready/172-350758	en	dailymirrorlk	1789937251.0
lk_news	2026-09-21-dailymirrorlk-85fa1aaa	dailymirrorlk-85fa1aaa	2026-09-21	BOI puts first-half realised FDI at US$ 450mn, confident of meeting US$ 1.5bn target	https://www.dailymirror.lk/business-main/BOI-puts-first-half-realised-FDI-at-US-450mn-confident-of-meeting-US-1-5bn-target/245-350757	en	dailymirrorlk	1789936968.0
lk_news	2026-09-21-dailymirrorlk-6c512035	dailymirrorlk-6c512035	2026-09-21	Softlogic to bring Wow! Momo, Tiong Bahru Bakery and Mad Over Donuts to Sri Lanka	https://www.dailymirror.lk/business-news/Softlogic-to-bring-Wow-Momo-Tiong-Bahru-Bakery-and-Mad-Over-Donuts-to-Sri-Lanka/273-350756	en	dailymirrorlk	1789936768.0
lk_news	2026-09-21-dailymirrorlk-e58561e8	dailymirrorlk-e58561e8	2026-09-21	Tourism earnings cross US$ 2bn but trail revised target	https://www.dailymirror.lk/business-news/Tourism-earnings-cross-US-2bn-but-trail-revised-target/273-350755	en	dailymirrorlk	1789936504.0
lk_news	2026-09-21-dailymirrorlk-1078bc21	dailymirrorlk-1078bc21	2026-09-21	Gold may not have peaked yet as geopolitical risks rise: AIIB Treasurer	https://www.dailymirror.lk/business-news/Gold-may-not-have-peaked-yet-as-geopolitical-risks-rise-AIIB-Treasurer/273-350754	en	dailymirrorlk	1789936104.0
lk_news	2026-09-21-dailymirrorlk-d6dd55b8	dailymirrorlk-d6dd55b8	2026-09-21	Sri Lanka tops IMF’s Asia comparison with 43% graduate youth unemployment	https://www.dailymirror.lk/breaking-news/Sri-Lanka-tops-IMFs-Asia-comparison-with-43-graduate-youth-unemployment/108-350753	en	dailymirrorlk	1789935781.0
lk_news	2026-09-21-dailymirrorlk-ba06cc85	dailymirrorlk-ba06cc85	2026-09-21	Prime lending rate edges up	https://www.dailymirror.lk/business-news/Prime-lending-rate-edges-up/273-350752	en	dailymirrorlk	1789935551.0
lk_news	2026-09-21-dailymirrorlk-52913772	dailymirrorlk-52913772	2026-09-21	Prime lending rate edges up despite cuts by most banks	https://www.dailymirror.lk/business-news/Prime-lending-rate-edges-up-despite-cuts-by-most-banks/273-350752	en	dailymirrorlk	1789935551.0
lk_news	2026-09-21-dailymirrorlk-548f52e5	dailymirrorlk-548f52e5	2026-09-21	DFCC Bank-SLBFE help migrant workers turn overseas earnings into homes	https://www.dailymirror.lk/business-news/DFCC-Bank-SLBFE-help-migrant-workers-turn-overseas-earnings-into-homes/273-350751	en	dailymirrorlk	1789935398.0
lk_news	2026-09-21-dailymirrorlk-8734fa84	dailymirrorlk-8734fa84	2026-09-21	PE Plus CEO Gehan Amarasinghe wins 3 Golds	https://www.dailymirror.lk/business-news/PE-Plus-CEO-Gehan-Amarasinghe-wins-3-Golds/273-350750	en	dailymirrorlk	1789935267.0
lk_news	2026-09-21-dailymirrorlk-9976b736	dailymirrorlk-9976b736	2026-09-21	CSE receives Great Place to Work for 5 consecutive years	https://www.dailymirror.lk/business-news/CSE-receives-Great-Place-to-Work-for-5-consecutive-years/273-350749	en	dailymirrorlk	1789935124.0
lk_news	2026-09-21-dailymirrorlk-7bbe76b5	dailymirrorlk-7bbe76b5	2026-09-21	Ceylinco Life holds Mid-Year Awards 2026	https://www.dailymirror.lk/business-news/Ceylinco-Life-holds-Mid-Year-Awards-2026/273-350748	en	dailymirrorlk	1789934997.0
lk_news	2026-09-21-dailymirrorlk-5668cf6a	dailymirrorlk-5668cf6a	2026-09-21	SriLankan Aviation College’s Skyline Stories marks airline’s legacy	https://www.dailymirror.lk/business-news/SriLankan-Aviation-Colleges-Skyline-Stories-marks-airlines-legacy/273-350747	en	dailymirrorlk	1789934811.0
lk_news	2026-09-21-dailymirrorlk-f716508e	dailymirrorlk-f716508e	2026-09-21	Hutch secures back-to-back Gold	https://www.dailymirror.lk/business-news/Hutch-secures-back-to-back-Gold/273-350746	en	dailymirrorlk	1789934648.0
lk_news	2026-09-21-dailymirrorlk-7c72ef70	dailymirrorlk-7c72ef70	2026-09-21	CIPM sets ‘Human Edge in Age of AI’ as NHRC 2026 theme	https://www.dailymirror.lk/business-news/CIPM-sets-Human-Edge-in-Age-of-AI-as-NHRC-2026-theme/273-350745	en	dailymirrorlk	1789934463.0
lk_news	2026-09-21-dailymirrorlk-9a06b529	dailymirrorlk-9a06b529	2026-09-21	Fairway takes Trincomalee Beach Resort four-star under long-term mgt. deal	https://www.dailymirror.lk/business-news/Fairway-takes-Trincomalee-Beach-Resort-four-star-under-long-term-mgt-deal/273-350744	en	dailymirrorlk	1789933916.0
lk_news	2026-09-21-dailymirrorlk-14e01f57	dailymirrorlk-14e01f57	2026-09-21	DMASL to host Digital Summit Asia/Sri Lanka next month	https://www.dailymirror.lk/business-news/DMASL-to-host-Digital-Summit-AsiaSri-Lanka-next-month/273-350743	en	dailymirrorlk	1789933627.0
lk_news	2026-09-21-dailymirrorlk-eb530c83	dailymirrorlk-eb530c83	2026-09-21	Siyapatha Finance opens branch in Wennappuwa	https://www.dailymirror.lk/business-news/Siyapatha-Finance-opens-branch-in-Wennappuwa/273-350742	en	dailymirrorlk	1789933470.0
lk_news	2026-09-21-dailymirrorlk-744c8031	dailymirrorlk-744c8031	2026-09-21	Commercial Bank crowned SL’s Best Bank and Best ESG Bank by Euromoney	https://www.dailymirror.lk/business-news/Commercial-Bank-crowned-SLs-Best-Bank-and-Best-ESG-Bank-by-Euromoney/273-350741	en	dailymirrorlk	1789933165.0
lk_news	2026-09-20-dailymirrorlk-35832573	dailymirrorlk-35832573	2026-09-20	Principals to decide on school openings tomorrow	https://www.dailymirror.lk/breaking-news/Principals-to-decide-on-school-openings-tomorrow/108-350740	en	dailymirrorlk	1789916459.0
lk_news	2026-09-20-dailymirrorlk-ba4d70be	dailymirrorlk-ba4d70be	2026-09-20	US military says four killed in strike on suspected drug-trafficking boat in Caribbean	https://www.dailymirror.lk/breaking-news/US-military-says-four-killed-in-strike-on-suspected-drug-trafficking-boat-in-Caribbean/108-350739	en	dailymirrorlk	1789913207.0
lk_news	2026-09-20-dailymirrorlk-b329db57	dailymirrorlk-b329db57	2026-09-20	Sri Lanka seeks stronger China-South Asia Ocean cooperation	https://www.dailymirror.lk/breaking-news/Sri-Lanka-seeks-stronger-China-South-Asia-Ocean-cooperation/108-350738	en	dailymirrorlk	1789912145.0
lk_news	2026-09-20-adalk-0a54ff92	adalk-0a54ff92	2026-09-20	ඔක්තෝබර් මාසයේ තෙල් මිලට සහනාධාරයක්	https://www.ada.lk/breaking_news/ඔක්තෝබර්-මාසයේ-තෙල්-මිලට-සහනාධාරයක්/11-424288	si	adalk	1789909368.0
lk_news	2026-09-20-dailymirrorlk-e7ddfab7	dailymirrorlk-e7ddfab7	2026-09-20	Fuel price revision may be considered at month-end: Minister	https://www.dailymirror.lk/breaking-news/Fuel-price-revision-may-be-considered-at-month-end-Minister/108-350737	en	dailymirrorlk	1789907732.0
lk_news	2026-09-20-dailymirrorlk-c409d3b2	dailymirrorlk-c409d3b2	2026-09-20	Fuel prices may rise from Oct. 1; Govt. plans subsidy	https://www.dailymirror.lk/breaking-news/Fuel-prices-may-rise-from-Oct-1-Govt-plans-subsidy/108-350736	en	dailymirrorlk	1789907312.0
lk_news	2026-09-20-dailymirrorlk-84fc65d4	dailymirrorlk-84fc65d4	2026-09-20	Two killed in ’massive’ Ukrainian drone attack on Moscow region, Russia says	https://www.dailymirror.lk/breaking-news/Two-killed-in-massive-Ukrainian-drone-attack-on-Moscow-region-Russia-says/108-350735	en	dailymirrorlk	1789901662.0
lk_news	2026-09-20-dailymirrorlk-2763a229	dailymirrorlk-2763a229	2026-09-20	Heavy rain forecast for next 36 hours	https://www.dailymirror.lk/breaking-news/Heavy-rain-forecast-for-next-36-hours/108-350734	en	dailymirrorlk	1789901113.0
lk_news	2026-09-20-dailymirrorlk-3b88e4b5	dailymirrorlk-3b88e4b5	2026-09-20	A blessing from the skies	https://www.dailymirror.lk/caption-story/A-blessing-from-the-skies/110-350733	en	dailymirrorlk	1789900630.0
lk_news	2026-09-20-adalk-f60bf94d	adalk-f60bf94d	2026-09-20	ඉහළ කොත්මලේ වාන් දොරටු දෙකක් විවෘත කරයි	https://www.ada.lk/breaking_news/ඉහළ-කොත්මලේ-වාන්-දොරටු-දෙකක්-විවෘත-කරයි/11-424287	si	adalk	1789897617.0
lk_news	2026-09-20-adalk-0fb2b4e6	adalk-0fb2b4e6	2026-09-20	මහයියාව උමං මාර්ගය  දෙසැම්බරයට පෙර ජනතා අයිතියට පත්කිරීමට ඉලක්කයක්	https://www.ada.lk/breaking_news/මහයියාව-උමං-මාර්ගය--දෙසැම්බරයට-පෙර-ජනතා-අයිතියට-පත්කිරීමට-ඉලක්කයක්/11-424286	si	adalk	1789897120.0
lk_news	2026-09-20-dailymirrorlk-8b4d0af9	dailymirrorlk-8b4d0af9	2026-09-20	Jaipur limb users in action	https://www.dailymirror.lk/caption-story/Jaipur-limb-users-in-action/110-350731	en	dailymirrorlk	1789896217.0
lk_news	2026-09-20-adalk-3a57bd84	adalk-3a57bd84	2026-09-20	හූති සටන්කාමීන් සෞදි අගනුවරට පහර දෙයි	https://www.ada.lk/breaking_news/හූති-සටන්කාමීන්-සෞදි-අගනුවරට-පහර-දෙයි/11-424285	si	adalk	1789892910.0
lk_news	2026-09-20-dailymirrorlk-fece3be5	dailymirrorlk-fece3be5	2026-09-20	104 violations detected in islandwide raids on lunch sheets, ‘Sili-Sili’ bags	https://www.dailymirror.lk/breaking-news/104-violations-detected-in-islandwide-raids-on-lunch-sheets-Sili-Sili-bags/108-350730	en	dailymirrorlk	1789892160.0
lk_news	2026-09-20-dailymirrorlk-1dad1c0b	dailymirrorlk-1dad1c0b	2026-09-20	Landslide blocks Hatton-Bagawantalawa Road	https://www.dailymirror.lk/breaking-news/Landslide-blocks-Hatton-Bagawantalawa-Road/108-350729	en	dailymirrorlk	1789892039.0
lk_news	2026-09-20-adalk-f7e06150	adalk-f7e06150	2026-09-20	හැටන් බලංගොඩ මාර්ගයට පස් කන්දක් කඩා වැටෙයි	https://www.ada.lk/breaking_news/හැටන්-බලංගොඩ-මාර්ගයට-පස්-කන්දක්-කඩා-වැටෙයි/11-424284	si	adalk	1789888789.0
lk_news	2026-09-20-adalk-7a43a1b6	adalk-7a43a1b6	2026-09-20	පස්බාගේ කෝරළයට මහ ගංවතුර අවධානමක්	https://www.ada.lk/breaking_news/පස්බාගේ-කෝරළයට-මහ-ගංවතුර-අවධානමක්/11-424283	si	adalk	1789888018.0
lk_news	2026-09-20-dailymirrorlk-e0300006	dailymirrorlk-e0300006	2026-09-20	Iran lays out seven conditions for US talks, says ’Washington must agree first’	https://www.dailymirror.lk/breaking-news/Iran-lays-out-seven-conditions-for-US-talks-says-Washington-must-agree-first/108-350728	en	dailymirrorlk	1789887953.0
lk_news	2026-09-20-dailymirrorlk-fb40edda	dailymirrorlk-fb40edda	2026-09-20	Mahaweli River water levels rise; Kandy areas warned of possible floods	https://www.dailymirror.lk/breaking-news/Mahaweli-River-water-levels-rise-Kandy-areas-warned-of-possible-floods/108-350727	en	dailymirrorlk	1789886461.0
lk_news	2026-09-20-dailymirrorlk-ea9f880d	dailymirrorlk-ea9f880d	2026-09-20	Sri Lankan model wins third place at Top Model of Universe	https://www.dailymirror.lk/breaking-news/Sri-Lankan-model-wins-third-place-at-Top-Model-of-Universe/108-350726	en	dailymirrorlk	1789886120.0
lk_news	2026-09-20-dailymirrorlk-f61b3e77	dailymirrorlk-f61b3e77	2026-09-20	Lightning warning issued for several areas	https://www.dailymirror.lk/breaking-news/Lightning-warning-issued-for-several-areas/108-350724	en	dailymirrorlk	1789885712.0
lk_news	2026-09-20-adalk-ef86ac15	adalk-ef86ac15	2026-09-20	මහවැලිය පිටාර ගලයි	https://www.ada.lk/breaking_news/මහවැලිය-පිටාර-ගලයි/11-424282	si	adalk	1789885705.0
lk_news	2026-09-20-dailymirrorlk-e024c7e0	dailymirrorlk-e024c7e0	2026-09-20	Anuradhapura launches week-long rabies prevention drive	https://www.dailymirror.lk/breaking-news/Anuradhapura-launches-week-long-rabies-prevention-drive/108-350723	en	dailymirrorlk	1789885614.0
lk_news	2026-09-20-dailymirrorlk-6037a460	dailymirrorlk-6037a460	2026-09-20	20 Sri Lankans deported from Kuwait over visa violations	https://www.dailymirror.lk/breaking-news/20-Sri-Lankans-deported-from-Kuwait-over-visa-violations/108-350722	en	dailymirrorlk	1789885454.0
lk_news	2026-09-20-adalk-0240464e	adalk-0240464e	2026-09-20	කුවේටයේ අත්අඩංගුවේ සිටි ලාංකිකයන් 20ක් ලංකාවට පිටුවහල් කරයි	https://www.ada.lk/breaking_news/කුවේටයේ-අත්අඩංගුවේ-සිටි-ලාංකිකයන්-20ක්-ලංකාවට-පිටුවහල්-කරයි/11-424281	si	adalk	1789885310.0
lk_news	2026-09-20-dailymirrorlk-5e4fa91a	dailymirrorlk-5e4fa91a	2026-09-20	Deputy Minister Arun Hemachandra to lead Sri Lankan delegation to Qatar	https://www.dailymirror.lk/breaking-news/Deputy-Minister-Arun-Hemachandra-to-lead-Sri-Lankan-delegation-to-Qatar/108-350721	en	dailymirrorlk	1789882612.0
lk_news	2026-09-20-dailymirrorlk-15fdcfeb	dailymirrorlk-15fdcfeb	2026-09-20	Sri Lanka Women storm into Asian Games gold medal match	https://www.dailymirror.lk/breaking-news/Sri-Lanka-Women-storm-into-Asian-Games-gold-medal-match/108-350720	en	dailymirrorlk	1789881162.0
lk_news	2026-09-20-dailymirrorlk-8f7cc2fe	dailymirrorlk-8f7cc2fe	2026-09-20	Flight disruptions after Houthi attack in Saudi Arabia, Etihad cancels Abu Dhabi flight	https://www.dailymirror.lk/international/Flight-disruptions-after-Houthi-attack-in-Saudi-Arabia-Etihad-cancels-Abu-Dhabi-flight/107-350719	en	dailymirrorlk	1789881025.0
lk_news	2026-09-20-dailymirrorlk-5fd9f9fa	dailymirrorlk-5fd9f9fa	2026-09-20	Flood warning issued for low-lying areas along Mahaweli River	https://www.dailymirror.lk/breaking-news/Flood-warning-issued-for-low-lying-areas-along-Mahaweli-River/108-350717	en	dailymirrorlk	1789877716.0
lk_news	2026-09-20-dailymirrorlk-86198000	dailymirrorlk-86198000	2026-09-20	80.6% of device use via smartphones	https://www.dailymirror.lk/breaking-news/80-6-of-device-use-via-smartphones/108-350716	en	dailymirrorlk	1789877692.0
lk_news	2026-09-20-adalk-ac1c70a6	adalk-ac1c70a6	2026-09-20	කාලගුණයෙන් අවවාදාත්මක නිවේදනයක්	https://www.ada.lk/breaking_news/කාලගුණයෙන්-අවවාදාත්මක-නිවේදනයක්/11-424280	si	adalk	1789877165.0
lk_news	2026-09-20-dailymirrorlk-87e42614	dailymirrorlk-87e42614	2026-09-20	Landslide warnings issued for six districts	https://www.dailymirror.lk/breaking-news/Landslide-warnings-issued-for-six-districts/108-350715	en	dailymirrorlk	1789876440.0
lk_news	2026-09-20-adalk-158c1b05	adalk-158c1b05	2026-09-20	දිය අනතුරු දෙකකින් දරුවන් දෙදෙනෙක් මරුට	https://www.ada.lk/breaking_news/දිය-අනතුරු-දෙකකින්-දරුවන්-දෙදෙනෙක්-මරුට/11-424279	si	adalk	1789876406.0
lk_news	2026-09-20-adalk-6d37847b	adalk-6d37847b	2026-09-20	තායිලන්තයෙන් කාන්තාවන් හරහා මත්ද්‍රව්‍ය ලංකාවට ගෙන එන ජාවාරමක්	https://www.ada.lk/breaking_news/තායිලන්තයෙන්-කාන්තාවන්-හරහා-මත්ද්‍රව්‍ය-ලංකාවට-ගෙන-එන-ජාවාරමක්/11-424278	si	adalk	1789875402.0
lk_news	2026-09-20-adalk-5b3df6d2	adalk-5b3df6d2	2026-09-20	ප්‍රා ලේ කොට්ඨාස 9ට නාය යෑමේ අනතුරු ඇඟවීම්	https://www.ada.lk/breaking_news/ප්‍රා-ලේ-කොට්ඨාස-9ට-නාය-යෑමේ-අනතුරු-ඇඟවීම්/11-424277	si	adalk	1789873279.0
lk_news	2026-09-20-dailymirrorlk-f229fcfa	dailymirrorlk-f229fcfa	2026-09-20	Heavy rains exceeding 100 mm forecast in several areas	https://www.dailymirror.lk/breaking-news/Heavy-rains-exceeding-100-mm-forecast-in-several-areas/108-350714	en	dailymirrorlk	1789870745.0
lk_news	2026-09-19-dailymirrorlk-c6665650	dailymirrorlk-c6665650	2026-09-19	England sweep Sri Lanka 3-0 to reclaim No. 1 T20I ranking	https://www.dailymirror.lk/breaking-news/England-sweep-Sri-Lanka-3-0-to-reclaim-No-1-T20I-ranking/108-350713	en	dailymirrorlk	1789836737.0
lk_news	2026-09-19-dailymirrorlk-cf4c80fb	dailymirrorlk-cf4c80fb	2026-09-19	UN allows Palestinian president to again speak via video after US denies visa	https://www.dailymirror.lk/breaking-news/UN-allows-Palestinian-president-to-again-speak-via-video-after-US-denies-visa/108-350712	en	dailymirrorlk	1789832066.0
lk_news	2026-09-19-dailymirrorlk-d6b93ff4	dailymirrorlk-d6b93ff4	2026-09-19	Trump bans CNN, MSNBC and Politico from White House over ‘fake news’	https://www.dailymirror.lk/breaking-news/Trump-bans-CNN-MSNBC-and-Politico-from-White-House-over-fake-news/108-350711	en	dailymirrorlk	1789831159.0
lk_news	2026-09-19-adalk-79163ff1	adalk-79163ff1	2026-09-19	තරුණයෙක් හා තරුණියන් තිදෙනෙක් දියේ ගලි මරුට	https://www.ada.lk/breaking_news/තරුණයෙක්-හා-තරුණියන්-තිදෙනෙක්-දියේ-ගලි-මරුට/11-424276	si	adalk	1789830709.0
lk_news	2026-09-19-dailymirrorlk-95fe5d73	dailymirrorlk-95fe5d73	2026-09-19	New WhatsApp number for vehicle-related complaints	https://www.dailymirror.lk/breaking-news/New-WhatsApp-number-for-vehicle-related-complaints/108-350710	en	dailymirrorlk	1789828946.0
lk_news	2026-09-19-adalk-e986eaaf	adalk-e986eaaf	2026-09-19	සී.එන්.එන්. ඇතුළු මාධ්‍ය ආයතන තුනකට ට්‍රම්ප්ගෙන් තහනමක්	https://www.ada.lk/breaking_news/සී-එන්-එන්--ඇතුළු-මාධ්‍ය-ආයතන-තුනකට-ට්‍රම්ප්ගෙන්-තහනමක්/11-424275	si	adalk	1789828412.0
lk_news	2026-09-19-dailymirrorlk-ad9a3b71	dailymirrorlk-ad9a3b71	2026-09-19	Legal action over destruction of 110 trees in Wilpattu buffer zone	https://www.dailymirror.lk/breaking-news/Legal-action-over-destruction-of-110-trees-in-Wilpattu-buffer-zone/108-350709	en	dailymirrorlk	1789827246.0
lk_news	2026-09-19-dailymirrorlk-0ea4f287	dailymirrorlk-0ea4f287	2026-09-19	204 Sri Lankans receive air tickets for jobs in Israel	https://www.dailymirror.lk/breaking-news/204-Sri-Lankans-receive-air-tickets-for-jobs-in-Israel/108-350707	en	dailymirrorlk	1789824830.0
lk_news	2026-09-19-dailymirrorlk-f178646f	dailymirrorlk-f178646f	2026-09-19	Flames, smoke seen near Riyadh airport after Saudi warning of aerial attack threat	https://www.dailymirror.lk/international/Flames-smoke-seen-near-Riyadh-airport-after-Saudi-warning-of-aerial-attack-threat/107-350706	en	dailymirrorlk	1789824755.0
lk_news	2026-09-19-dailymirrorlk-ed21aa68	dailymirrorlk-ed21aa68	2026-09-19	US court blocks Trump plan to deport migrants to third countries	https://www.dailymirror.lk/international/US-court-blocks-Trump-plan-to-deport-migrants-to-third-countries/107-350705	en	dailymirrorlk	1789823676.0
lk_news	2026-09-19-dailymirrorlk-50126652	dailymirrorlk-50126652	2026-09-19	Govt., public should respect railway workers: Deputy Minister	https://www.dailymirror.lk/breaking-news/Govt-public-should-respect-railway-workers-Deputy-Minister/108-350704	en	dailymirrorlk	1789822169.0
lk_news	2026-09-19-dailymirrorlk-72b60e25	dailymirrorlk-72b60e25	2026-09-19	Ranil unveils programme for Sri Lanka’s future	https://www.dailymirror.lk/breaking-news/Ranil-unveils-programme-for-Sri-Lankas-future/108-350703	en	dailymirrorlk	1789821533.0
lk_news	2026-09-19-dailymirrorlk-53cfd5b4	dailymirrorlk-53cfd5b4	2026-09-19	CAA clarifies medical test prices circulating on social media	https://www.dailymirror.lk/breaking-news/CAA-clarifies-medical-test-prices-circulating-on-social-media/108-350702	en	dailymirrorlk	1789821188.0
lk_news	2026-09-19-adalk-8a493750	adalk-8a493750	2026-09-19	නීතිය සැමදෙනාටම එකයි	https://www.ada.lk/breaking_news/නීතිය-සැමදෙනාටම-එකයි/11-424273	si	adalk	1789818745.0
lk_news	2026-09-19-dailymirrorlk-7ce5aed4	dailymirrorlk-7ce5aed4	2026-09-19	Rs. 60m for each district under road safety programme	https://www.dailymirror.lk/breaking-news/Rs-60m-for-each-district-under-road-safety-programme/108-350701	en	dailymirrorlk	1789818199.0
lk_news	2026-09-19-dailymirrorlk-6f59ab6f	dailymirrorlk-6f59ab6f	2026-09-19	Four missing after entering Ma Oya in Badalgama	https://www.dailymirror.lk/breaking-news/Four-missing-after-entering-Ma-Oya-in-Badalgama/108-350700	en	dailymirrorlk	1789813980.0
lk_news	2026-09-19-dailymirrorlk-5268a949	dailymirrorlk-5268a949	2026-09-19	Political and public service cooperation can speed up development: PM	https://www.dailymirror.lk/breaking-news/Political-and-public-service-cooperation-can-speed-up-development-PM/108-350699	en	dailymirrorlk	1789810506.0
lk_news	2026-09-19-dailymirrorlk-e076e3b8	dailymirrorlk-e076e3b8	2026-09-19	Rs. 1.5bn allocated to make dangerous roads safer	https://www.dailymirror.lk/breaking-news/Rs-1-5bn-allocated-to-make-dangerous-roads-safer/108-350698	en	dailymirrorlk	1789807017.0
lk_news	2026-09-19-dailymirrorlk-833b2a66	dailymirrorlk-833b2a66	2026-09-19	Two arrested within an hour over armed robbery at Trincomalee liquor store	https://www.dailymirror.lk/breaking-news/Two-arrested-within-an-hour-over-armed-robbery-at-Trincomalee-liquor-store/108-350696	en	dailymirrorlk	1789805977.0
lk_news	2026-09-19-dailymirrorlk-d388b635	dailymirrorlk-d388b635	2026-09-19	Hotel employee opens fire with air rifle during Kegalle party	https://www.dailymirror.lk/breaking-news/Hotel-employee-opens-fire-with-air-rifle-during-Kegalle-party/108-350695	en	dailymirrorlk	1789805502.0
lk_news	2026-09-19-dailymirrorlk-0f970137	dailymirrorlk-0f970137	2026-09-19	Army chief joins coastal cleanup.	https://www.dailymirror.lk/caption-story/Army-chief-joins-coastal-cleanup/110-350690	en	dailymirrorlk	1789803771.0
lk_news	2026-09-19-dailymirrorlk-45e35a83	dailymirrorlk-45e35a83	2026-09-19	SJB Calls for Stronger Protest Against 22A	https://www.dailymirror.lk/breaking-news/SJB-Calls-for-Stronger-Protest-Against-22A/108-350688	en	dailymirrorlk	1789803510.0
lk_news	2026-09-19-dailymirrorlk-4c64f6ac	dailymirrorlk-4c64f6ac	2026-09-19	Trump announces ‘permanent’ US security control over Greenland	https://www.dailymirror.lk/international/Trump-announces-permanent-US-security-control-over-Greenland/107-350680	en	dailymirrorlk	1789799919.0
lk_news	2026-09-19-dailymirrorlk-e981ad8e	dailymirrorlk-e981ad8e	2026-09-19	Google’s Gemini AI hacked three companies in security test	https://www.dailymirror.lk/international/Googles-Gemini-AI-hacked-three-companies-in-security-test/107-350679	en	dailymirrorlk	1789799479.0
lk_news	2026-09-19-dailymirrorlk-b29b2676	dailymirrorlk-b29b2676	2026-09-19	Rainfall expected to increase in southwestern areas	https://www.dailymirror.lk/breaking-news/Rainfall-expected-to-increase-in-southwestern-areas/108-350677	en	dailymirrorlk	1789799229.0
lk_news	2026-09-19-adalk-e0972eca	adalk-e0972eca	2026-09-19	අනූජන් ගැන විදේශ අමාත්‍යාංශයේ දැඩි අවධානය	https://www.ada.lk/breaking_news/අනූජන්-ගැන-විදේශ-අමාත්‍යාංශයේ-දැඩි-අවධානය/11-424272	si	adalk	1789798965.0
lk_news	2026-09-19-dailymirrorlk-f0cbd531	dailymirrorlk-f0cbd531	2026-09-19	Climate change, food security and need for  communication	https://www.dailymirror.lk/opinion/Climate-change-food-security-and-need-for-communication/172-350674	en	dailymirrorlk	1789798509.0
lk_news	2026-09-19-adalk-349d1e8a	adalk-349d1e8a	2026-09-19	දියජනනි හරහා නිවාස 7500කට විදුලිය	https://www.ada.lk/breaking_news/දියජනනි-හරහා-නිවාස-7500කට-විදුලිය/11-424271	si	adalk	1789798398.0
lk_news	2026-09-19-dailymirrorlk-6e6b7040	dailymirrorlk-6e6b7040	2026-09-19	Robert Knox: Chronicler par excellence	https://www.dailymirror.lk/opinion/Robert-Knox-Chronicler-par-excellence/172-350673	en	dailymirrorlk	1789798061.0
lk_news	2026-09-19-adalk-3906acb3	adalk-3906acb3	2026-09-19	ඉහළ කොත්මලා ජලාශ පතුලේ සැගවුණ සිරුරු 59ක්  ගොඩගත් අපූරු මිනිසා	https://www.ada.lk/breaking_news/ඉහළ-කොත්මලා-ජලාශ-පතුලේ-සැගවුණ-සිරුරු-59ක්--ගොඩගත්-අපූරු-මිනිසා/11-424270	si	adalk	1789797033.0
lk_news	2026-09-19-dailymirrorlk-61675e6a	dailymirrorlk-61675e6a	2026-09-19	Early action needed to minimise monsoon flooding: PM	https://www.dailymirror.lk/breaking-news/Early-action-needed-to-minimise-monsoon-flooding-PM/108-350670	en	dailymirrorlk	1789796755.0
lk_news	2026-09-19-dailymirrorlk-408665de	dailymirrorlk-408665de	2026-09-19	Houthis at wailing gate:  Iran war’s turning point	https://www.dailymirror.lk/opinion/Houthis-at-wailing-gate-Iran-wars-turning-point/172-350669	en	dailymirrorlk	1789796422.0
lk_news	2026-09-19-dailymirrorlk-b14e7380	dailymirrorlk-b14e7380	2026-09-19	Cricket lies dying as politics and cash rule the roost	https://www.dailymirror.lk/opinion/Cricket-lies-dying-as-politics-and-cash-rule-the-roost/172-350668	en	dailymirrorlk	1789796185.0
lk_news	2026-09-19-dailymirrorlk-7356f5ae	dailymirrorlk-7356f5ae	2026-09-19	Prosecuting a social activist for stating what WHO said?	https://www.dailymirror.lk/opinion/Prosecuting-a-social-activist-for-stating-what-WHO-said/172-350667	en	dailymirrorlk	1789796107.0
lk_news	2026-09-19-dailymirrorlk-d9d7c225	dailymirrorlk-d9d7c225	2026-09-19	Sri Lanka connects first grid-scale battery storage facility	https://www.dailymirror.lk/business-main/Sri-Lanka-connects-first-grid-scale-battery-storage-facility/245-350666	en	dailymirrorlk	1789794944.0
lk_news	2026-09-19-dailymirrorlk-1cf9404b	dailymirrorlk-1cf9404b	2026-09-19	Sri Lanka pitches wellness, wildlife tourism to Middle Eastern market	https://www.dailymirror.lk/business-news/Sri-Lanka-pitches-wellness-wildlife-tourism-to-Middle-Eastern-market/273-350665	en	dailymirrorlk	1789794802.0
lk_news	2026-09-19-dailymirrorlk-9e5d75b0	dailymirrorlk-9e5d75b0	2026-09-19	Tea auction sees broader demand despite exporter pressures	https://www.dailymirror.lk/business-news/Tea-auction-sees-broader-demand-despite-exporter-pressures/273-350664	en	dailymirrorlk	1789794705.0
lk_news	2026-09-19-dailymirrorlk-8577a23d	dailymirrorlk-8577a23d	2026-09-19	Sri Lanka can leapfrog into agentic AI era: Salesforce South Asia CEO	https://www.dailymirror.lk/business-news/Sri-Lanka-can-leapfrog-into-agentic-AI-era-Salesforce-South-Asia-CEO/273-350663	en	dailymirrorlk	1789794366.0
lk_news	2026-09-19-dailymirrorlk-e85bb3e2	dailymirrorlk-e85bb3e2	2026-09-19	World Bank Group mobilises record private capital for developing countries, driving job creation	https://www.dailymirror.lk/business-news/World-Bank-Group-mobilises-record-private-capital-for-developing-countries-driving-job-creation/273-350662	en	dailymirrorlk	1789794295.0
lk_news	2026-09-19-dailymirrorlk-cb8e9a3a	dailymirrorlk-cb8e9a3a	2026-09-19	Yields dip on back of modest buying	https://www.dailymirror.lk/business-news/Yields-dip-on-back-of-modest-buying/273-350661	en	dailymirrorlk	1789794149.0
lk_news	2026-09-19-dailymirrorlk-dd76ffb4	dailymirrorlk-dd76ffb4	2026-09-19	Week ends in green	https://www.dailymirror.lk/business-news/Week-ends-in-green/273-350660	en	dailymirrorlk	1789791290.0
lk_news	2026-09-19-dailymirrorlk-1084450a	dailymirrorlk-1084450a	2026-09-19	Vidullanka enters grid-scale energy storage with 1st of 13 BESS facilities	https://www.dailymirror.lk/business-news/Vidullanka-enters-grid-scale-energy-storage-with-1st-of-13-BESS-facilities/273-350659	en	dailymirrorlk	1789791125.0
lk_news	2026-09-19-dailymirrorlk-cdc74d93	dailymirrorlk-cdc74d93	2026-09-19	Colombo Serendib Round Table 2 celebrates 30 years	https://www.dailymirror.lk/business-news/Colombo-Serendib-Round-Table-2-celebrates-30-years/273-350658	en	dailymirrorlk	1789791026.0
lk_news	2026-09-19-dailymirrorlk-cbc690be	dailymirrorlk-cbc690be	2026-09-19	Beverlee Holdings redefines property development in Thalahena	https://www.dailymirror.lk/business-news/Beverlee-Holdings-redefines-property-development-in-Thalahena/273-350657	en	dailymirrorlk	1789790757.0
lk_news	2026-09-19-dailymirrorlk-c8e2d81b	dailymirrorlk-c8e2d81b	2026-09-19	AOD launches Young Creatives Programme for students with special needs	https://www.dailymirror.lk/business-news/AOD-launches-Young-Creatives-Programme-for-students-with-special-needs/273-350656	en	dailymirrorlk	1789790649.0
lk_news	2026-09-19-dailymirrorlk-3690af6c	dailymirrorlk-3690af6c	2026-09-19	DFCC Aloka inspires future leaders	https://www.dailymirror.lk/business-news/DFCC-Aloka-inspires-future-leaders/273-350655	en	dailymirrorlk	1789790174.0
lk_news	2026-09-19-dailymirrorlk-08d23c51	dailymirrorlk-08d23c51	2026-09-19	HelpAge Sri Lanka-OrphanCare provide caregiver training	https://www.dailymirror.lk/business-news/HelpAge-Sri-Lanka-OrphanCare-provide-caregiver-training/273-350654	en	dailymirrorlk	1789789974.0
lk_news	2026-09-19-dailymirrorlk-b19f3ae5	dailymirrorlk-b19f3ae5	2026-09-19	Sri Lanka pushes passive cooling to cut A/C dependence	https://www.dailymirror.lk/breaking-news/Sri-Lanka-pushes-passive-cooling-to-cut-AC-dependence/108-350653	en	dailymirrorlk	1789789414.0
lk_news	2026-09-19-dailymirrorlk-2f46ff51	dailymirrorlk-2f46ff51	2026-09-19	New Zealand and Sri Lanka explore new education partnerships to build skilled workforce	https://www.dailymirror.lk/business-news/New-Zealand-and-Sri-Lanka-explore-new-education-partnerships-to-build-skilled-workforce/273-350652	en	dailymirrorlk	1789789398.0
lk_news	2026-09-19-dailymirrorlk-150b4348	dailymirrorlk-150b4348	2026-09-19	Jetour Owners’ Club  Sri Lanka officially launched with drive fest	https://www.dailymirror.lk/business-news/Jetour-Owners-Club-Sri-Lanka-officially-launched-with-drive-fest/273-350651	en	dailymirrorlk	1789788237.0
lk_news	2026-09-19-dailymirrorlk-3e5d2bce	dailymirrorlk-3e5d2bce	2026-09-19	Christell shines a spotlight on longevity	https://www.dailymirror.lk/business-news/Christell-shines-a-spotlight-on-longevity/273-350650	en	dailymirrorlk	1789788156.0
lk_news	2026-09-19-dailymirrorlk-1e7819aa	dailymirrorlk-1e7819aa	2026-09-19	Ma Fierté partners Isle of Rataa  to introduce ‘Duality’	https://www.dailymirror.lk/business-news/Ma-Fierté-partners-Isle-of-Rataa-to-introduce-Duality/273-350649	en	dailymirrorlk	1789788035.0
lk_news	2026-09-19-dailymirrorlk-e856a0e4	dailymirrorlk-e856a0e4	2026-09-19	Belihuloya Rest House reopens as EKHO Belihuloya	https://www.dailymirror.lk/business-news/Belihuloya-Rest-House-reopens-as-EKHO-Belihuloya/273-350648	en	dailymirrorlk	1789787899.0
lk_news	2026-09-19-dailymirrorlk-260d8327	dailymirrorlk-260d8327	2026-09-19	University of West London celebrates graduates in Sri Lanka	https://www.dailymirror.lk/business-news/University-of-West-London-celebrates-graduates-in-Sri-Lanka/273-350647	en	dailymirrorlk	1789787817.0
lk_news	2026-09-19-dailymirrorlk-7b189db6	dailymirrorlk-7b189db6	2026-09-19	Heavy rainfall recorded, river levels normal	https://www.dailymirror.lk/breaking-news/Heavy-rainfall-recorded-river-levels-normal/108-350646	en	dailymirrorlk	1789787513.0
lk_news	2026-09-19-dailymirrorlk-a6bbd72a	dailymirrorlk-a6bbd72a	2026-09-19	INTERPOL notice issued for Basil Rajapaksa	https://www.dailymirror.lk/breaking-news/INTERPOL-notice-issued-for-Basil-Rajapaksa/108-350645	en	dailymirrorlk	1789787258.0
lk_news	2026-09-19-dailymirrorlk-de99cd8e	dailymirrorlk-de99cd8e	2026-09-19	Sri Lanka clash headlines big sports day	https://www.dailymirror.lk/breaking-news/Sri-Lanka-clash-headlines-big-sports-day/108-350644	en	dailymirrorlk	1789782357.0
lk_news	2026-09-18-dailymirrorlk-4414afdd	dailymirrorlk-4414afdd	2026-09-18	Foreign diplomats begin three-day tourism study Tour of Eastern Province	https://www.dailymirror.lk/breaking-news/Foreign-diplomats-begin-three-day-tourism-study-Tour-of-Eastern-Province/108-350643	en	dailymirrorlk	1789745398.0
lk_news	2026-09-18-dailymirrorlk-5a75ad03	dailymirrorlk-5a75ad03	2026-09-18	2,700 women-headed families in Mullaitivu	https://www.dailymirror.lk/breaking-news/2-700-women-headed-families-in-Mullaitivu/108-350642	en	dailymirrorlk	1789741637.0
lk_news	2026-09-18-dailymirrorlk-47c4b232	dailymirrorlk-47c4b232	2026-09-18	I cannot take over the nation now as I am not in Parliament: Ranil	https://www.dailymirror.lk/breaking-news/I-cannot-take-over-the-nation-now-as-I-am-not-in-Parliament-Ranil/108-350641	en	dailymirrorlk	1789741470.0
lk_news	2026-09-18-dailymirrorlk-dc2d5848	dailymirrorlk-dc2d5848	2026-09-18	Dambulla National School Principal dead in road crash	https://www.dailymirror.lk/breaking-news/Dambulla-National-School-Principal-dead-in-road-crash/108-350640	en	dailymirrorlk	1789741238.0
lk_news	2026-09-18-dailymirrorlk-21dc1915	dailymirrorlk-21dc1915	2026-09-18	El Niño may push up electricity demand by February: Minister	https://www.dailymirror.lk/breaking-news/El-Niño-may-push-up-electricity-demand-by-February-Minister/108-350639	en	dailymirrorlk	1789741025.0
lk_news	2026-09-18-dailymirrorlk-c0f582a6	dailymirrorlk-c0f582a6	2026-09-18	Cancer patients pushed towards costly private treatment amid treatment delays	https://www.dailymirror.lk/breaking-news/Cancer-patients-pushed-towards-costly-private-treatment-amid-treatment-delays/108-350638	en	dailymirrorlk	1789740819.0
lk_news	2026-09-18-dailymirrorlk-68f03c6f	dailymirrorlk-68f03c6f	2026-09-18	Nimal Perera should be treated as accomplice if bribe money went to his account – Defence counsel argued	https://www.dailymirror.lk/breaking-news/Nimal-Perera-should-be-treated-as-accomplice-if-bribe-money-went-to-his-account-Defence-counsel-argued/108-350637	en	dailymirrorlk	1789740592.0
lk_news	2026-09-18-dailymirrorlk-70dcc25c	dailymirrorlk-70dcc25c	2026-09-18	Rail strike ends tonight amid Rs.60m loss; unions warn of fresh action	https://www.dailymirror.lk/breaking-news/Rail-strike-ends-tonight-amid-Rs-60m-loss-unions-warn-of-fresh-action/108-350636	en	dailymirrorlk	1789740363.0
lk_news	2026-09-18-dailymirrorlk-7151f35f	dailymirrorlk-7151f35f	2026-09-18	CSE snaps four-day losing streak as market stabilizes near 21,000	https://www.dailymirror.lk/breaking-news/CSE-snaps-four-day-losing-streak-as-market-stabilizes-near-21-000/108-350634	en	dailymirrorlk	1789739911.0
